Startup_Name,Industry,Startup_Age,Funding_Amount,Number_of_Founders,Founder_Experience,Employees_Count,Revenue,Burn_Rate,Market_Size,Business_Model,Product_Uniqueness_Score,Customer_Retention_Rate,Marketing_Expense,Status
Startup_0522,Finance,13,23969070,3,7,176,21010523,252901,Large,B2C,4,7.24,539663,0
Startup_0738,E-commerce,7,17623759,1,2,411,8155752,908323,Medium,B2C,4,9.46,486674,0
Startup_0741,Technology,7,28855934,1,5,777,20697984,295408,Large,B2C,4,36.53,244924,0
Startup_0661,Finance,5,3334202,5,4,505,28104032,713635,Small,B2B,3,29.71,1021928,0
Startup_0412,Healthcare,10,3176116,5,14,252,71186964,485212,Small,Hybrid,6,70.44,1232959,1
Startup_0679,FinTech,13,31766133,3,1,129,17539163,242514,Large,B2B,4,43.11,654548,0
Startup_0627,FoodTech,11,43775878,1,5,58,9665178,319770,Small,B2B,4,17.57,1343563,0
Startup_0514,EdTech,4,20652955,2,1,265,19242372,519218,Medium,B2B,5,50.89,211903,0
Startup_0860,AI/ML,15,6632839,2,0,207,14249324,129301,Small,B2B,1,21.86,452971,0
Startup_0137,Agritech,2,42640928,2,19,977,82270726,400546,Large,Hybrid,10,85.4,1041422,1
Startup_0812,Technology,7,47030848,3,1,914,26361250,233730,Medium,Hybrid,1,50.96,976770,0
Startup_0077,SaaS,5,46629621,4,11,75,144005241,143702,Small,Hybrid,10,81.45,514856,1
Startup_0637,Agritech,6,43962397,3,1,247,634527,603088,Large,Hybrid,6,20.24,1013185,0
Startup_0974,EdTech,14,11878915,1,1,506,7633723,206678,Small,B2C,3,22.87,1341209,0
Startup_0939,SaaS,10,20521973,4,5,339,3695829,105404,Medium,B2B,3,49.51,440401,0
Startup_0900,Agritech,2,7974754,3,1,92,11516487,876555,Medium,B2B,5,51.86,293492,0
Startup_0281,FoodTech,10,33070475,2,14,582,140011406,362853,Small,B2B,6,56.84,1413193,1
Startup_0884,SaaS,12,27207329,2,4,955,315429,276578,Large,B2C,4,5.08,196468,0
Startup_0762,Finance,13,7336248,5,8,627,1508260,631948,Medium,B2B,1,13.35,297588,0
Startup_0320,Healthcare,13,37041971,3,19,494,66175477,483505,Small,B2B,10,75.1,914494,1
Startup_0550,Agritech,9,12904401,2,2,53,1947639,785010,Large,B2C,3,6.84,118015,0
Startup_0175,AI/ML,7,28067993,4,17,541,130506743,306413,Medium,B2C,6,60.01,764855,1
Startup_0372,FoodTech,12,35672939,5,14,613,78205561,470554,Medium,B2B,7,68.71,1990338,1
Startup_0528,Technology,9,17102205,1,8,43,10331669,449773,Medium,Hybrid,4,24.67,379263,0
Startup_0211,FoodTech,15,8379637,3,13,709,69330907,327240,Small,B2C,7,63.77,380114,1
Startup_0236,Healthcare,1,37520172,1,17,547,21590610,13769,Small,Hybrid,10,83.89,1223524,1
Startup_0102,Technology,13,43222702,3,10,227,103334601,136400,Medium,B2C,7,80.13,1994574,1
Startup_0987,FoodTech,1,12148770,5,8,772,5480412,111395,Large,Hybrid,4,46.63,1475861,0
Startup_0903,Technology,14,46132747,2,7,514,5046774,730682,Large,B2C,3,12.29,1445341,0
Startup_0948,E-commerce,13,49520120,1,8,720,20605128,289989,Small,B2B,2,54.63,1289828,0
Startup_0347,Agritech,13,19699366,1,15,807,137828879,220424,Large,B2C,8,70.32,1118345,1
Startup_0140,Technology,14,40368021,1,20,632,71604364,247594,Medium,Hybrid,10,77.17,1760562,1
Startup_0622,AI/ML,2,11086669,5,0,388,29615382,610622,Large,Hybrid,1,5.32,426256,0
Startup_0500,FinTech,2,30657663,5,13,161,129980496,143070,Medium,Hybrid,10,69.68,101509,1
Startup_0371,Healthcare,5,26239636,2,20,108,99010042,165492,Medium,B2C,7,57.61,195878,1
Startup_0199,AI/ML,10,26976624,5,15,391,148125432,410308,Medium,B2C,7,66.62,703204,1
Startup_0688,SaaS,11,34376202,4,4,505,18301202,460307,Small,B2C,5,32.33,116266,0
Startup_0585,Healthcare,11,9832753,2,3,489,18736855,503277,Large,B2B,3,47.0,373521,0
Startup_0902,EdTech,13,45043023,2,3,535,3676430,514515,Small,B2C,1,31.91,1015954,0
Startup_0060,SaaS,10,11490137,1,13,799,34508768,308397,Medium,Hybrid,6,92.16,1307533,1
Startup_0329,Agritech,5,49411017,2,4,184,147344183,373054,Small,B2B,10,70.66,1716548,1
Startup_0097,Agritech,9,46254848,4,9,582,42814819,96786,Large,B2B,6,79.38,902253,1
Startup_0313,FoodTech,9,20554860,1,12,696,130070564,96156,Large,Hybrid,6,93.08,1892228,1
Startup_0975,SaaS,15,3408956,1,2,920,6074963,549449,Small,Hybrid,5,21.74,430350,0
Startup_0300,Technology,3,7405831,3,7,794,50655922,393382,Small,B2B,10,55.1,1900801,1
Startup_0278,AI/ML,7,39250371,4,12,148,104263610,222173,Medium,Hybrid,9,73.08,1428813,1
Startup_0925,AI/ML,4,8863188,1,8,279,3790656,817204,Medium,B2C,5,25.34,740712,0
Startup_0602,AI/ML,3,1209876,3,0,563,28006868,171252,Large,B2C,1,25.56,1151559,0
Startup_0440,Finance,11,6254484,3,10,972,80291054,322994,Medium,Hybrid,9,89.69,457704,1
Startup_0838,FinTech,5,27599306,3,6,804,27677089,708125,Small,B2C,6,5.59,1421728,0
Startup_0571,E-commerce,1,32090529,2,0,32,3654317,502233,Large,Hybrid,1,9.31,871909,0
Startup_0880,FoodTech,1,47916368,3,0,649,23503257,798011,Large,B2B,6,12.39,1319690,0
Startup_0262,AI/ML,12,5007993,4,13,329,25997257,429770,Large,B2B,6,55.9,819486,1
Startup_0579,AI/ML,10,22335754,5,8,477,3376721,961953,Large,B2B,4,13.81,901011,0
Startup_0024,FinTech,15,25932455,1,4,171,72401521,144042,Large,Hybrid,9,66.41,1560858,1
Startup_0031,Finance,2,8246286,2,7,273,119645480,295048,Large,B2C,7,65.89,1368420,1
Startup_0618,Agritech,12,12059435,2,0,17,10412529,960607,Small,B2B,1,27.81,407961,0
Startup_0011,Agritech,9,3661926,4,7,96,40514014,333962,Small,B2C,7,86.68,985333,1
Startup_0222,Agritech,9,4287895,2,8,775,87631755,156657,Medium,Hybrid,7,87.63,1634103,1
Startup_0821,FoodTech,14,23025793,5,4,582,14149082,444582,Small,B2B,2,10.24,138483,0
Startup_0297,FinTech,12,1349931,2,8,125,114153684,10950,Large,Hybrid,7,74.86,827093,1
Startup_0055,Agritech,11,11575964,4,18,744,143418787,71913,Large,Hybrid,10,76.36,926320,1
Startup_0543,E-commerce,9,39788731,1,8,187,4640138,512160,Medium,Hybrid,4,21.17,102244,0
Startup_0210,SaaS,1,24629132,3,11,672,28338186,355112,Large,Hybrid,6,73.62,434950,1
Startup_0605,SaaS,12,20268165,2,7,262,22261958,179392,Large,Hybrid,6,27.67,629618,0
Startup_0693,Finance,6,29232538,4,5,102,12091215,531939,Small,Hybrid,3,7.82,562185,0
Startup_0663,FoodTech,11,8509755,2,4,32,16644020,169966,Large,B2C,5,42.28,1268583,0
Startup_0867,AI/ML,4,8825268,1,4,634,8032144,873758,Small,B2B,4,42.86,1349743,0
Startup_0071,E-commerce,6,1449480,2,8,312,56817443,28863,Large,B2C,6,77.13,1562590,1
Startup_0544,AI/ML,15,31013273,2,1,906,8491369,439817,Small,B2B,6,37.43,393920,0
Startup_0108,AI/ML,11,9880276,4,5,122,147005073,24509,Small,Hybrid,8,94.84,343522,1
Startup_0494,AI/ML,5,20553006,4,10,656,68375646,470315,Small,Hybrid,6,89.55,556735,1
Startup_0591,FinTech,12,43026059,1,8,703,26879733,707784,Small,B2C,3,35.65,770468,0
Startup_0742,Healthcare,8,46552554,2,2,666,16720256,652891,Medium,B2C,6,37.36,226098,0
Startup_0293,FinTech,1,1425661,5,12,72,48956527,25880,Medium,Hybrid,6,92.95,934614,1
Startup_0290,FinTech,10,46837065,5,4,294,133802151,449108,Small,Hybrid,8,63.22,1372817,1
Startup_0653,FoodTech,12,22731867,5,4,522,16001803,403905,Medium,Hybrid,5,38.34,1235376,0
Startup_0040,AI/ML,1,29663080,1,15,613,117783662,417314,Medium,Hybrid,8,72.46,1172531,1
Startup_0590,Finance,12,19251583,5,7,882,17445948,182034,Medium,Hybrid,5,49.5,235485,0
Startup_0308,Technology,15,6197704,3,7,472,87837366,74999,Medium,Hybrid,9,57.99,1290806,1
Startup_0680,FoodTech,2,8266012,3,6,508,9616420,579142,Small,Hybrid,5,41.81,1490841,0
Startup_0067,AI/ML,8,16627866,5,19,779,106691619,378210,Medium,B2B,9,72.93,136161,1
Startup_0276,AI/ML,6,38935634,3,12,299,147828607,454847,Small,B2C,10,94.42,1524593,1
Startup_0068,FinTech,7,45057602,2,15,316,83519947,295179,Medium,B2C,10,68.75,1664339,1
Startup_0319,FinTech,5,28634372,4,10,143,106255361,468812,Small,B2C,10,64.97,1782268,1
Startup_0549,Healthcare,10,28024792,4,7,467,2764386,730421,Large,Hybrid,5,5.33,1197858,0
Startup_0999,Agritech,9,6815883,1,7,513,10626652,277961,Medium,B2C,3,13.07,637448,0
Startup_0715,E-commerce,14,33496882,1,7,845,24827669,533021,Large,B2C,3,40.87,260544,0
Startup_0754,AI/ML,15,48435212,4,0,240,17827102,119943,Medium,Hybrid,4,33.82,1210261,0
Startup_0328,Healthcare,11,47958242,3,15,181,49962391,353930,Large,Hybrid,10,87.58,893528,1
Startup_0383,Technology,7,26384928,4,19,281,127360639,226113,Small,B2B,7,59.52,1559974,1
Startup_0452,SaaS,7,18155805,1,11,68,69772648,46963,Large,Hybrid,10,56.51,905990,1
Startup_0523,Healthcare,3,4159984,1,3,118,20937384,254850,Medium,B2C,3,5.69,283366,0
Startup_0219,Finance,12,733088,2,4,857,60045602,247747,Small,B2C,10,71.97,895400,1
Startup_0788,Technology,4,6180627,5,8,457,20462668,435996,Medium,B2C,4,34.44,1080693,0
Startup_0437,FoodTech,12,15958280,1,17,679,128873747,178132,Small,Hybrid,6,74.26,1104147,1
Startup_0765,E-commerce,6,42741030,4,3,372,5187228,889794,Medium,B2C,5,26.09,528532,0
Startup_0089,Agritech,13,34573698,4,12,351,130132286,6344,Large,Hybrid,8,84.04,1856314,1
Startup_0064,Healthcare,8,49558338,4,12,848,63258988,451542,Medium,B2B,7,88.23,281745,1
Startup_0827,FinTech,15,48210519,4,1,902,4075976,251448,Medium,Hybrid,2,44.74,451984,0
Startup_0717,E-commerce,13,27387961,2,3,6,21182124,420389,Small,Hybrid,3,33.79,282423,0
Startup_0352,Finance,12,9603305,5,20,416,138022022,303148,Small,B2B,6,61.95,1935386,1
Startup_0937,Technology,15,36679705,2,1,854,9832957,413710,Large,Hybrid,4,19.68,496831,0
Startup_0257,EdTech,8,39573734,5,16,493,91721578,270610,Large,Hybrid,9,76.75,1758261,1
Startup_0636,SaaS,7,47251625,4,1,832,15281413,619344,Small,B2B,2,9.15,76052,0
Startup_0645,FoodTech,2,12499858,4,4,922,2681923,214677,Small,B2B,2,18.8,360282,0
Startup_0555,FoodTech,5,42325206,5,5,591,4452450,744129,Medium,B2B,5,29.82,1375101,0
Startup_0960,FoodTech,4,11237623,2,3,6,19968007,830565,Large,Hybrid,1,48.96,1125410,0
Startup_0169,FoodTech,6,38567143,4,5,975,101214453,85445,Small,Hybrid,9,92.95,880168,1
Startup_0918,E-commerce,2,2849164,5,1,265,4284812,630734,Medium,Hybrid,3,23.18,1191746,0
Startup_0529,Technology,6,20788768,3,3,643,16919208,389279,Large,B2C,1,36.29,861955,0
Startup_0824,E-commerce,10,2492165,3,3,47,6737905,397901,Medium,Hybrid,2,15.95,599451,0
Startup_0986,E-commerce,8,23138302,4,7,742,26319329,776171,Small,Hybrid,6,5.66,283343,0
Startup_0817,Healthcare,3,9068510,1,4,64,19713313,557019,Large,Hybrid,5,52.99,800242,0
Startup_0087,SaaS,14,8383019,1,8,475,86890827,493978,Medium,B2C,8,75.35,673413,1
Startup_0433,Healthcare,15,3616365,4,5,905,107043518,174906,Large,B2C,6,83.15,1193398,1
Startup_0185,FoodTech,8,33971197,5,13,481,86755908,17151,Small,B2B,6,92.81,1159993,1
Startup_0979,Finance,6,32798727,4,6,437,20291148,932046,Medium,B2C,6,21.67,1421441,0
Startup_0535,Finance,2,2258132,2,4,192,20420715,694587,Large,B2B,5,16.55,536922,0
Startup_0295,AI/ML,2,34813077,3,10,83,128455988,86462,Medium,Hybrid,10,68.07,1329847,1
Startup_0893,FoodTech,4,22121373,1,0,656,21366037,477702,Small,Hybrid,1,53.48,732675,0
Startup_0426,FoodTech,12,24624697,4,8,286,111211707,389288,Medium,B2C,8,90.12,1070663,1
Startup_0714,SaaS,15,14618798,2,2,307,14825223,762021,Small,B2C,3,48.97,1401466,0
Startup_0261,FoodTech,14,21430606,2,14,359,81113711,416183,Small,B2C,7,75.84,830438,1
Startup_0238,Finance,14,27135268,3,6,276,70070135,217875,Medium,Hybrid,9,77.6,1562210,1
Startup_0560,Technology,11,10927797,2,7,496,29132111,663051,Large,B2C,3,28.12,918122,0
Startup_0584,SaaS,14,29471936,1,6,243,21078710,433580,Large,B2B,6,24.14,850199,0
Startup_0446,Technology,15,40650719,1,17,293,54601998,104101,Large,Hybrid,6,83.37,1755538,1
Startup_0868,FoodTech,6,14056781,4,2,306,12708008,314313,Large,B2C,6,6.9,1304254,0
Startup_0801,FoodTech,11,25758195,1,5,364,13077211,285793,Medium,B2B,6,54.19,311648,0
Startup_0600,AI/ML,2,24245001,5,6,655,20584496,783740,Medium,Hybrid,3,21.75,610123,0
Startup_0850,Agritech,5,47497447,4,4,358,13222815,742805,Large,B2C,2,25.75,426602,0
Startup_0266,Agritech,6,41524213,5,16,400,98786439,64890,Small,Hybrid,8,69.08,1060203,1
Startup_0996,FinTech,2,14971838,2,2,908,25897510,853459,Large,Hybrid,2,54.67,1101973,0
Startup_0530,Agritech,4,26863488,2,2,352,3045911,865344,Large,Hybrid,4,31.04,1471858,0
Startup_0056,EdTech,1,29263716,1,8,661,136346819,247062,Small,B2C,7,57.01,895038,1
Startup_0121,FoodTech,12,29139647,1,14,323,109269266,138635,Small,B2B,8,93.14,1540368,1
Startup_0216,AI/ML,7,702364,3,10,839,97619624,43288,Large,B2B,6,71.95,1568813,1
Startup_0026,Agritech,8,36143271,5,9,944,27634247,271248,Small,Hybrid,6,89.05,243699,1
Startup_0073,Agritech,14,33500553,1,6,413,97446468,335010,Medium,B2B,6,61.07,1801088,1
Startup_0045,Agritech,8,32254987,2,9,526,108429450,49457,Medium,B2B,8,75.62,1427373,1
Startup_0248,SaaS,6,9392394,3,6,107,45151299,230957,Small,B2B,9,77.28,1174666,1
Startup_0722,SaaS,8,48386450,1,3,232,6493601,952924,Small,B2C,3,19.4,1086345,0
Startup_0282,Healthcare,15,31136413,2,4,454,148584847,229290,Small,B2C,7,94.83,376641,1
Startup_0894,SaaS,8,41610376,4,1,759,11788148,548702,Medium,Hybrid,4,54.34,260670,0
Startup_0915,FinTech,6,36571757,1,2,733,13700635,952353,Large,B2C,6,5.99,1216142,0
Startup_0811,AI/ML,9,5392963,2,7,969,25738893,200318,Small,B2B,6,27.32,311779,0
Startup_0245,SaaS,7,43055270,3,12,33,125166050,241218,Medium,B2B,9,64.13,1259804,1
Startup_0823,FoodTech,3,1163847,1,1,374,12108683,131475,Small,Hybrid,5,10.76,659382,0
Startup_0322,Agritech,2,16683490,2,12,675,91630600,432968,Medium,B2C,6,85.56,560139,1
Startup_0644,Finance,11,20113528,5,7,924,20935667,486028,Medium,B2B,6,52.27,187631,0
Startup_0159,SaaS,2,34546185,5,20,560,94377016,15661,Medium,B2C,9,89.93,191298,1
Startup_0978,E-commerce,14,39278379,1,6,118,24484265,392003,Medium,B2C,2,9.52,317461,0
Startup_0430,Agritech,3,34753169,4,6,516,73255602,195770,Large,B2B,10,55.42,600969,1
Startup_0942,AI/ML,11,9886812,4,5,168,25168217,555040,Small,B2C,1,22.96,466210,0
Startup_0463,Agritech,4,16744137,2,12,756,47753358,125170,Medium,B2B,7,88.4,1853921,1
Startup_0310,E-commerce,5,14103814,2,8,79,124681369,408778,Medium,B2C,10,59.36,321580,1
Startup_0698,Agritech,5,38988322,1,6,307,27097997,336858,Small,Hybrid,5,42.14,242849,0
Startup_0061,AI/ML,4,46846348,1,11,609,33676961,370529,Large,B2B,8,89.01,1359154,1
Startup_0885,FoodTech,11,29420537,3,2,753,6019045,492850,Small,Hybrid,2,40.2,465279,0
Startup_0596,FoodTech,13,2720667,5,5,885,2932043,252117,Medium,B2C,5,51.7,373276,0
Startup_0768,FinTech,13,43548038,1,2,679,19378942,160617,Medium,B2C,6,54.0,1434878,0
Startup_0650,Agritech,9,12268166,3,2,189,5510810,349461,Small,B2C,1,7.06,714012,0
Startup_0651,E-commerce,5,14267743,3,8,191,23827492,136374,Medium,B2C,6,20.85,771099,0
Startup_0866,Agritech,2,41337979,3,7,21,12930255,635849,Large,B2B,6,42.09,1105748,0
Startup_0669,FinTech,2,34281454,2,3,161,28002978,297569,Large,Hybrid,5,35.67,1152373,0
Startup_0299,Agritech,9,48303203,1,6,272,86591799,243654,Small,B2C,10,69.4,1147758,1
Startup_0690,FinTech,8,21468813,4,6,140,16456273,901123,Large,Hybrid,1,33.44,1078765,0
Startup_0315,Technology,14,46555824,4,6,384,98158177,312295,Small,B2B,8,91.7,257259,1
Startup_0311,Healthcare,6,36465287,4,15,126,149471080,408878,Small,B2B,7,73.08,1071708,1
Startup_0362,EdTech,10,49257936,2,11,354,112116057,285302,Large,B2C,9,91.26,1509010,1
Startup_0480,E-commerce,10,44445076,2,16,89,61523026,125248,Small,Hybrid,7,84.5,1029374,1
Startup_0111,FoodTech,6,43773594,5,15,926,28126895,213739,Small,Hybrid,8,62.59,356187,1
Startup_0990,SaaS,8,44301952,4,6,323,27858027,498951,Small,B2C,2,7.73,829046,0
Startup_0487,AI/ML,13,44017215,3,12,294,75419020,103566,Large,B2C,6,62.3,707325,1
Startup_0364,EdTech,15,6492809,3,11,673,67685330,122088,Medium,B2C,8,71.82,1959845,1
Startup_0255,FoodTech,4,12574710,5,4,561,147910113,386269,Medium,Hybrid,9,92.72,539664,1
Startup_0260,SaaS,6,46104196,4,20,477,40232642,185862,Small,B2B,6,74.31,719566,1
Startup_0803,Technology,4,24860462,4,0,993,9520620,616777,Small,Hybrid,6,40.35,488485,0
Startup_0678,Finance,3,7702425,4,2,692,28109298,472058,Medium,B2B,4,26.2,1128462,0
Startup_0495,Technology,7,11731363,3,12,18,98476684,67730,Large,Hybrid,9,86.57,118727,1
Startup_0671,AI/ML,6,30157950,2,8,839,25721813,458660,Small,B2B,2,40.49,110313,0
Startup_0378,EdTech,6,11262490,4,5,305,93569939,265232,Small,B2B,7,82.53,1108025,1
Startup_0527,Finance,7,34627563,2,1,392,10684945,608205,Large,B2C,5,31.58,440945,0
Startup_0846,E-commerce,1,1241357,3,2,533,11064651,530819,Large,B2C,4,12.85,282246,0
Startup_0138,Healthcare,10,42591847,3,14,887,40261159,235562,Medium,Hybrid,6,73.76,1424110,1
Startup_0356,E-commerce,11,44227285,2,17,278,88891441,15513,Large,B2B,6,73.96,377482,1
Startup_0366,E-commerce,9,46180853,1,16,891,91113720,161424,Small,B2B,9,57.16,1891470,1
Startup_0943,Healthcare,1,28756574,2,5,407,1160539,268099,Small,B2C,6,14.95,1055154,0
Startup_0750,FinTech,12,2299544,2,3,882,16243614,780130,Small,B2B,2,37.49,963914,0
Startup_0949,Technology,3,18878543,4,3,42,5005964,547011,Medium,B2C,1,35.82,240705,0
Startup_0830,FoodTech,10,34632494,1,6,174,25309714,776406,Small,B2C,5,23.71,1138196,0
Startup_0657,EdTech,15,10428483,3,6,410,12502723,504868,Medium,B2C,3,5.61,773350,0
Startup_0200,Healthcare,11,32650465,3,10,768,47121108,439085,Small,B2B,10,65.85,1278637,1
Startup_0214,AI/ML,9,22519601,2,20,171,79302835,65943,Large,B2C,7,83.68,1125146,1
Startup_0409,FinTech,8,24530717,5,6,566,125230919,376028,Small,Hybrid,8,76.02,485601,1
Startup_0333,Finance,6,7306755,5,19,387,125861547,458011,Small,B2C,10,81.04,1541079,1
Startup_0209,Agritech,15,18001003,2,16,9,51611127,239218,Large,Hybrid,8,93.16,733226,1
Startup_0614,Finance,15,13214747,4,2,755,1297835,302472,Medium,B2C,1,40.99,1293496,0
Startup_0079,AI/ML,2,20907214,4,16,708,146523863,147735,Large,B2B,10,76.6,1018046,1
Startup_0030,FinTech,6,29906068,3,13,164,102097999,428152,Medium,Hybrid,10,55.31,1813591,1
Startup_0536,EdTech,6,32484233,1,2,707,16955216,987240,Small,B2C,5,28.44,1412243,0
Startup_0696,FinTech,7,7058258,3,7,589,3457345,824423,Large,B2C,6,15.3,1091721,0
Startup_0558,AI/ML,12,5052401,3,4,263,10175858,631302,Large,B2C,5,21.2,62858,0
Startup_0837,Healthcare,11,20814898,3,4,259,6496898,839919,Small,B2C,5,54.9,1189017,0
Startup_0597,Healthcare,4,43286911,4,2,746,7175178,705822,Small,B2B,6,47.09,163929,0
Startup_0166,FoodTech,6,22506332,1,13,84,61137177,238788,Medium,B2C,10,83.71,449479,1
Startup_0919,Agritech,1,3598165,2,8,310,26366470,407648,Medium,Hybrid,6,31.71,343297,0
Startup_0496,EdTech,8,25424142,5,6,161,53382936,87679,Large,B2B,9,58.66,1397392,1
Startup_0825,E-commerce,4,1942305,2,2,203,28382407,374505,Medium,Hybrid,1,6.05,1470720,0
Startup_0066,Finance,13,19267563,3,12,351,94597009,10322,Large,B2C,10,92.92,279543,1
Startup_0142,EdTech,9,17125799,2,18,43,78978194,279762,Medium,B2C,10,79.39,863149,1
Startup_0926,SaaS,13,15650864,3,4,152,430958,202704,Small,B2B,4,53.97,516040,0
Startup_0828,Healthcare,6,29325952,3,3,616,1650053,900149,Small,B2C,5,34.37,1172958,0
Startup_0656,Agritech,9,45567479,4,1,696,17272739,513583,Large,B2B,2,29.52,1314943,0
Startup_0332,SaaS,2,7750079,3,4,265,26462242,207342,Medium,B2C,9,84.3,448836,1
Startup_0665,Healthcare,10,21953436,1,7,152,29571436,826959,Medium,B2C,2,22.87,160914,0
Startup_0250,Healthcare,15,35470733,2,9,588,111981555,204613,Medium,B2B,7,60.55,731518,1
Startup_0908,FoodTech,6,4132153,5,4,889,15452243,786433,Medium,B2B,2,33.86,976697,0
Startup_0709,SaaS,4,21532611,5,5,128,28028500,712710,Small,B2B,6,24.5,544798,0
Startup_0306,Healthcare,1,23748100,2,4,557,147639752,180645,Small,B2B,6,85.36,889105,1
Startup_0735,EdTech,2,19577791,3,1,29,13326143,491704,Small,B2B,5,51.46,272444,0
Startup_0976,EdTech,11,19760616,3,5,642,29473622,208970,Medium,Hybrid,3,50.81,1437751,0
Startup_0050,FinTech,8,32354862,2,18,764,54788100,399147,Medium,Hybrid,7,88.59,681564,1
Startup_0897,FoodTech,12,22411097,1,6,167,25813057,393976,Large,B2B,2,40.96,1446562,0
Startup_0003,EdTech,8,936124,5,9,287,113702683,226571,Small,B2B,8,66.11,551545,1
Startup_0545,Agritech,12,24856718,4,1,652,17676392,841635,Small,B2C,4,41.34,1123042,0
Startup_0351,E-commerce,4,27824740,4,19,219,121937464,275795,Small,B2C,8,87.84,1180598,1
Startup_0905,Technology,7,22856952,1,2,832,27879200,851583,Small,B2C,2,47.4,522009,0
Startup_0537,Healthcare,8,11491517,4,3,143,7692464,133795,Medium,B2B,4,43.23,81487,0
Startup_0345,Technology,6,26544893,1,16,92,94095459,175984,Large,Hybrid,8,75.79,1931791,1
Startup_0995,FoodTech,1,26143084,5,7,818,19774916,993415,Small,Hybrid,1,19.51,367797,0
Startup_0482,Agritech,8,47316678,2,9,995,99299984,318306,Medium,Hybrid,9,80.24,1433476,1
Startup_0576,FinTech,9,48434055,1,1,418,11034373,683165,Medium,B2C,6,8.55,683587,0
Startup_0034,Healthcare,15,2917807,2,15,561,98183110,294682,Medium,B2B,7,72.19,187721,1
Startup_0032,Healthcare,4,33284817,3,12,520,141512206,481136,Small,B2B,6,58.69,988302,1
Startup_0232,EdTech,5,22636884,2,11,203,70981231,303733,Medium,B2C,7,74.97,1472812,1
Startup_0964,E-commerce,5,42507149,3,0,61,27746563,472751,Medium,B2B,2,41.52,636552,0
Startup_0193,Technology,11,32349210,1,12,614,149798031,348718,Large,B2C,10,78.11,1612885,1
Startup_0334,SaaS,2,1847411,1,14,304,55047967,59906,Small,Hybrid,6,68.67,1962126,1
Startup_0004,AI/ML,7,23582477,1,12,370,128330923,27780,Large,B2C,9,76.45,893844,1
Startup_0205,Healthcare,15,3014312,3,4,900,60049524,302775,Medium,Hybrid,10,59.29,802634,1
Startup_0515,EdTech,8,6899773,5,4,842,1353982,866288,Medium,B2C,5,24.08,167278,0
Startup_0800,Technology,15,26859763,4,8,783,2822901,925549,Large,B2C,6,37.56,1179629,0
Startup_0307,FinTech,9,33519498,2,5,432,39109045,378110,Medium,Hybrid,8,58.72,585433,1
Startup_0110,EdTech,7,46823951,3,15,36,49161443,237460,Small,Hybrid,9,93.02,1894009,1
Startup_0431,FoodTech,13,30445347,5,9,146,44044459,301934,Medium,B2B,10,81.38,406601,1
Startup_0078,Agritech,4,18326293,2,8,933,29584466,36267,Medium,B2C,7,86.71,1347897,1
Startup_0085,FoodTech,10,30164866,4,5,643,47321124,145014,Large,B2C,10,60.24,704040,1
Startup_0287,Finance,3,38301833,1,4,546,101915661,345797,Large,Hybrid,7,72.6,1615049,1
Startup_0083,EdTech,12,44965228,4,16,298,129194984,403720,Medium,B2C,10,56.47,284674,1
Startup_0992,Agritech,1,37523381,3,3,195,21520778,133939,Small,Hybrid,2,18.46,1245634,0
Startup_0790,EdTech,3,6514871,2,2,264,10394305,527060,Small,B2B,6,13.46,1338648,0
Startup_0895,FinTech,4,35400261,2,8,893,1165210,234072,Medium,B2B,4,44.84,681973,0
Startup_0399,Finance,10,47576486,5,14,309,115546158,391305,Large,Hybrid,10,80.3,521294,1
Startup_0324,Technology,3,13132147,5,19,974,92762732,167032,Small,Hybrid,7,74.62,289283,1
Startup_0520,AI/ML,4,44271651,4,3,407,18929660,745919,Medium,B2C,6,31.21,558171,0
Startup_0917,Finance,12,37726747,2,7,8,26960758,429563,Large,B2B,1,6.96,1256032,0
Startup_0923,Finance,12,14174296,2,1,551,21224803,868265,Large,B2C,3,54.77,1403860,0
Startup_0006,Finance,14,19154492,1,18,392,105320121,442314,Large,B2C,8,61.51,845056,1
Startup_0732,FoodTech,7,33712900,1,0,919,14914942,473838,Small,Hybrid,6,33.04,1009991,0
Startup_0466,E-commerce,9,36790322,4,5,492,87441081,187079,Medium,B2B,9,89.42,1727188,1
Startup_0098,FoodTech,8,16081902,5,18,149,105618110,138157,Medium,Hybrid,9,65.21,119707,1
Startup_0267,AI/ML,12,41737357,3,6,943,110209088,75227,Small,B2C,8,59.71,740428,1
Startup_0358,EdTech,5,42349496,5,16,847,98448538,58641,Large,Hybrid,6,75.46,1489060,1
Startup_0869,Technology,3,43691403,3,0,328,17577592,930241,Small,Hybrid,4,37.4,654934,0
Startup_0799,E-commerce,8,1565327,5,2,339,21791037,102146,Medium,Hybrid,5,28.83,70087,0
Startup_0381,E-commerce,6,8277988,4,7,759,134252290,402517,Medium,B2C,6,55.39,390234,1
Startup_0632,SaaS,6,46953462,2,0,35,9515513,243132,Small,B2C,1,47.58,1011709,0
Startup_0382,E-commerce,15,42228763,4,12,981,137906990,389338,Small,B2C,6,69.9,818741,1
Startup_0491,Technology,13,36952994,4,19,76,44374441,105764,Small,Hybrid,8,87.69,1836970,1
Startup_0119,AI/ML,7,20290252,5,18,546,87853916,322418,Large,Hybrid,9,58.97,1571738,1
Startup_0901,SaaS,14,26014461,3,0,979,10528681,164891,Medium,B2C,5,31.78,864000,0
Startup_0251,FoodTech,2,19019487,2,17,448,60232066,258876,Large,Hybrid,6,69.44,617136,1
Startup_0524,FoodTech,1,36604935,3,3,217,6938438,672967,Large,Hybrid,5,42.52,1200917,0
Startup_0010,EdTech,3,38172777,2,12,765,120262496,311491,Small,B2B,9,90.91,937603,1
Startup_0197,FinTech,9,48880428,3,12,695,101883092,258849,Medium,B2B,7,93.29,685118,1
Startup_0604,Agritech,10,8551527,1,1,728,28837385,734059,Small,B2B,2,23.8,1408757,0
Startup_0082,E-commerce,14,6623174,4,19,995,66702542,219092,Medium,B2C,8,67.84,319361,1
Startup_0784,Agritech,13,30636895,4,2,686,29169732,863220,Medium,B2C,3,9.47,1360238,0
Startup_0588,Healthcare,4,41072224,2,0,437,19492398,622355,Medium,Hybrid,6,16.84,1102201,0
Startup_0798,EdTech,4,21861015,5,5,519,21412764,374056,Medium,B2B,6,27.64,565748,0
Startup_0240,AI/ML,12,34044928,2,17,87,106557984,416239,Large,B2B,8,77.63,1899273,1
Startup_0291,Agritech,7,4162072,3,11,664,86422705,207315,Small,Hybrid,6,64.64,1438155,1
Startup_0212,Agritech,12,28406926,5,19,385,121649866,286814,Small,Hybrid,7,85.47,1526780,1
Startup_0718,Healthcare,12,40363747,2,6,870,26696661,434914,Small,Hybrid,4,28.92,329990,0
Startup_0360,Agritech,11,10561584,3,20,195,122740233,130987,Medium,Hybrid,6,87.22,1782678,1
Startup_0450,AI/ML,7,44743723,2,7,878,120369922,125466,Small,Hybrid,9,86.32,439308,1
Startup_0228,Finance,14,39932073,1,10,195,84343201,114518,Small,Hybrid,8,67.13,132157,1
Startup_0951,E-commerce,5,24899182,1,4,278,11878428,846151,Small,B2B,4,17.35,149732,0
Startup_0947,Finance,9,19366907,2,1,258,29096626,376331,Medium,Hybrid,6,17.37,950011,0
Startup_0797,FinTech,5,36342125,1,1,168,10187749,194073,Medium,B2C,4,39.92,342867,0
Startup_0502,AI/ML,11,37508378,4,2,787,20670183,396882,Small,Hybrid,3,25.49,725333,0
Startup_0465,Agritech,6,39055342,4,12,922,85874779,100877,Small,B2B,10,66.21,565762,1
Startup_0363,FinTech,14,44631774,2,9,863,59431028,56172,Small,Hybrid,9,60.12,642432,1
Startup_0469,Agritech,7,47524028,2,15,432,68999937,452912,Small,Hybrid,9,66.19,477255,1
Startup_0936,EdTech,2,9446873,3,8,862,11954496,153379,Small,B2C,4,29.78,407530,0
Startup_0429,Agritech,9,36717118,3,19,559,107766064,411426,Large,B2C,7,69.63,568307,1
Startup_0008,Healthcare,9,22262245,2,5,704,50742311,435861,Small,B2B,6,87.2,941303,1
Startup_0156,Finance,9,28904146,5,7,543,124176127,156048,Medium,Hybrid,7,67.05,200137,1
Startup_0542,FoodTech,8,20258173,2,0,435,23250979,642081,Small,Hybrid,2,28.18,1404973,0
Startup_0441,Agritech,3,12706038,5,20,843,55503367,92934,Small,B2B,8,91.89,1351021,1
Startup_0483,SaaS,11,23798070,5,19,320,92433029,124080,Medium,B2B,6,72.67,867103,1
Startup_0423,EdTech,8,20005370,5,6,77,53646722,56486,Medium,B2B,7,84.02,1121712,1
Startup_0779,FinTech,3,36010058,5,1,886,23402570,322971,Medium,B2B,4,28.67,378916,0
Startup_0950,SaaS,9,43000712,3,3,719,7541542,452508,Large,B2B,4,28.96,1119261,0
Startup_0335,E-commerce,2,6748149,5,14,967,99729429,326726,Large,B2C,9,83.18,1004550,1
Startup_0577,Finance,10,42166205,4,3,247,18486118,266744,Large,Hybrid,4,24.19,764529,0
Startup_0935,FinTech,12,44870643,3,8,253,23053852,738785,Small,B2B,1,35.37,403437,0
Startup_0568,FoodTech,13,14582505,3,5,657,6829526,301898,Large,B2B,3,18.83,719305,0
Startup_0595,Finance,1,12218136,1,2,621,22217593,568349,Medium,B2B,3,45.39,597886,0
Startup_0531,E-commerce,4,38946571,4,2,249,14409790,427557,Small,Hybrid,5,21.46,1187146,0
Startup_0582,Technology,11,38770601,3,4,309,14687018,852658,Large,Hybrid,3,54.51,1272067,0
Startup_0708,Healthcare,12,8596188,5,8,958,22387428,969250,Medium,B2B,5,52.48,1151550,0
Startup_0449,Agritech,9,12493669,5,15,497,95040303,295933,Medium,Hybrid,9,65.15,743098,1
Startup_0454,Agritech,15,13569216,5,5,295,125221255,319318,Small,Hybrid,10,75.63,585849,1
Startup_0229,Healthcare,2,16780152,4,10,939,73235053,484789,Medium,B2C,7,77.08,1726370,1
Startup_0353,AI/ML,1,24684362,4,10,54,56772637,198122,Large,B2B,9,75.21,1432550,1
Startup_0729,EdTech,9,17975551,4,1,148,10611583,146307,Medium,B2C,2,29.96,639301,0
Startup_0213,FinTech,8,24778971,5,6,723,143110500,300786,Small,Hybrid,6,57.47,1248503,1
Startup_0080,Agritech,15,22130635,4,12,755,23471527,52881,Large,B2B,7,93.48,1853132,1
Startup_0149,FoodTech,8,24947719,1,11,423,79619341,325127,Small,Hybrid,8,85.1,1743748,1
Startup_0303,Healthcare,3,35113015,2,5,826,148054370,215200,Medium,B2C,6,90.08,1916201,1
Startup_0629,AI/ML,8,22375631,5,6,596,6768990,883377,Medium,B2B,6,49.92,532477,0
Startup_0778,FoodTech,11,46739205,4,7,453,24652346,537174,Large,B2C,2,12.22,316598,0
Startup_0507,Finance,9,49165464,1,3,106,17939584,504048,Large,Hybrid,2,14.66,1427569,0
Startup_0343,FoodTech,7,38833920,1,20,517,127434625,304622,Small,B2B,10,60.9,1687939,1
Startup_0486,Finance,4,49967141,2,16,735,131189570,203368,Large,Hybrid,7,65.52,985500,1
Startup_0712,SaaS,15,44941062,5,0,38,23275457,927119,Medium,Hybrid,6,16.98,1209154,0
Startup_0134,SaaS,13,46778946,5,15,474,31828592,233962,Large,B2B,6,64.73,1334952,1
Startup_0704,Finance,3,40848014,3,3,706,13718601,350067,Medium,B2C,1,12.5,108099,0
Startup_0312,Finance,3,47791938,3,5,849,48859601,443265,Medium,B2C,8,60.93,1591405,1
Startup_0723,E-commerce,14,14966429,2,4,617,24484276,810083,Small,B2C,2,25.92,906737,0
Startup_0630,Technology,2,28188812,2,3,758,12700775,331381,Medium,B2B,1,28.55,1065876,0
Startup_0001,FinTech,11,18956905,1,11,28,49958838,78158,Small,Hybrid,6,82.07,1971036,1
Startup_0317,Healthcare,7,2478523,4,16,511,111699285,228694,Medium,B2C,7,69.16,492484,1
Startup_0707,Finance,14,27813767,1,5,925,22637574,789365,Small,Hybrid,1,24.84,344776,0
Startup_0548,FoodTech,13,31278987,3,7,15,28802832,622864,Small,B2B,5,45.37,1325034,0
Startup_0873,Finance,4,12340386,2,3,437,10270372,399214,Medium,B2C,5,27.41,1382957,0
Startup_0533,E-commerce,11,11106416,5,5,942,2375461,684413,Medium,B2B,5,52.43,298276,0
Startup_0478,AI/ML,7,2050288,2,8,191,117679960,128012,Small,B2B,8,92.62,1569467,1
Startup_0405,FoodTech,13,37552454,3,5,992,21740164,394897,Small,Hybrid,8,63.12,1922110,1
Startup_0173,E-commerce,5,11069998,3,9,874,126528125,194526,Small,B2C,10,63.97,521486,1
Startup_0126,Technology,15,12607517,3,12,32,114314632,404722,Small,B2B,8,91.86,836149,1
Startup_0395,Agritech,15,31171838,4,10,223,116205645,182174,Small,B2C,6,85.29,197518,1
Startup_0421,EdTech,2,38934494,1,16,8,92095327,292061,Small,B2C,6,67.19,1669291,1
Startup_0553,Finance,2,9529215,3,1,485,23407560,387748,Large,B2B,3,31.35,1150262,0
Startup_0904,FoodTech,5,8785529,5,4,708,28543060,840842,Medium,Hybrid,5,28.91,502366,0
Startup_0091,FoodTech,12,26200738,2,11,588,134892116,411608,Large,B2C,9,56.75,1661759,1
Startup_0940,Technology,2,13756982,4,1,506,17853534,639302,Small,Hybrid,2,25.54,1072177,0
Startup_0182,EdTech,8,41212281,2,8,351,61954112,456666,Medium,B2B,8,84.37,1905180,1
Startup_0275,Agritech,3,14366010,5,10,145,128104393,36120,Large,B2B,10,69.03,689478,1
Startup_0896,AI/ML,15,8263062,4,7,980,22334579,666931,Small,B2C,2,17.17,407423,0
Startup_0070,Finance,4,32994017,2,12,759,117252152,314113,Medium,B2B,10,78.87,310818,1
Startup_0292,E-commerce,15,21738120,1,8,372,71920550,456314,Medium,B2B,10,71.83,1245792,1
Startup_0132,Technology,3,36240996,2,11,392,87144075,297932,Medium,B2B,8,57.88,1907250,1
Startup_0301,SaaS,8,10572011,3,9,395,144978189,454569,Small,B2C,6,77.11,1597410,1
Startup_0425,Finance,12,38453552,5,15,159,128407627,170849,Small,Hybrid,9,61.75,756859,1
Startup_0327,SaaS,6,7280154,4,14,603,60502233,174136,Large,B2C,7,94.03,1635853,1
Startup_0145,E-commerce,11,40432540,4,6,135,61551377,298036,Large,Hybrid,9,80.74,788865,1
Startup_0424,Agritech,11,19635229,2,6,105,140811872,106448,Large,B2C,8,74.43,788591,1
Startup_0581,FoodTech,13,10346571,1,2,778,15299299,657062,Small,B2B,3,24.5,1262010,0
Startup_0136,Agritech,4,49313585,3,8,362,51711468,58899,Small,Hybrid,7,65.24,463853,1
Startup_0451,E-commerce,7,37448544,3,5,823,41573890,209002,Medium,Hybrid,6,87.17,1826491,1
Startup_0165,E-commerce,12,35348012,4,12,379,127528276,48312,Large,B2C,9,58.16,1363436,1
Startup_0029,EdTech,15,31255020,1,7,12,29832887,286875,Small,B2B,7,75.24,377781,1
Startup_0774,FinTech,10,23248582,1,3,467,27124322,881984,Large,B2B,5,33.28,1366475,0
Startup_0194,AI/ML,3,48897760,5,16,647,39834119,435787,Small,B2B,7,56.26,1569098,1
Startup_0389,Agritech,1,37443132,5,16,231,74126921,433397,Medium,B2B,7,58.15,1031531,1
Startup_0853,Healthcare,6,7561500,1,8,776,25820783,917376,Small,Hybrid,3,25.5,395692,0
Startup_0170,E-commerce,3,27211612,5,14,378,107182566,151113,Medium,Hybrid,7,93.42,154344,1
Startup_0706,EdTech,3,48984409,1,7,989,26347409,120875,Large,B2C,1,47.98,226013,0
Startup_0141,EdTech,11,41101254,2,19,332,87292380,84094,Large,B2B,6,73.02,1800720,1
Startup_0174,AI/ML,1,38904886,3,15,570,82734149,426350,Small,B2C,10,60.19,1954399,1
Startup_0007,Healthcare,12,43112671,1,9,626,91691040,387272,Large,Hybrid,7,61.54,895775,1
Startup_0746,EdTech,7,39906887,3,7,324,25512592,802818,Small,B2B,4,36.19,605901,0
Startup_0479,AI/ML,7,4781035,1,19,100,93609531,33220,Small,B2C,6,85.84,1198871,1
Startup_0074,Healthcare,4,28428965,1,11,574,124111824,278978,Large,B2C,9,73.02,1028453,1
Startup_0911,Healthcare,10,10470251,4,6,996,8320869,135644,Large,Hybrid,1,17.04,1074722,0
Startup_0814,Agritech,4,44773330,5,0,809,15313956,502569,Small,B2C,4,44.76,1350676,0
Startup_0239,Technology,14,44113678,1,5,672,32549425,217482,Large,B2B,9,70.09,1098255,1
Startup_0146,Finance,14,43853991,5,17,98,88248169,194702,Medium,B2C,6,69.5,478038,1
Startup_0793,Healthcare,8,4892826,5,7,419,1069939,527288,Large,Hybrid,6,16.69,89054,0
Startup_0235,FoodTech,3,34439161,1,18,226,70090149,36693,Large,B2C,10,80.51,1392934,1
Startup_0221,SaaS,2,2753265,1,18,611,100233330,357333,Medium,B2B,6,64.79,192771,1
Startup_0924,SaaS,10,11508744,5,6,622,27667241,260947,Small,Hybrid,3,54.62,959382,0
Startup_0501,SaaS,3,24932672,1,3,637,10860708,856027,Small,Hybrid,1,37.91,1180273,0
Startup_0133,Technology,8,21509143,1,17,885,96960402,217034,Medium,B2B,9,66.58,949414,1
Startup_0991,AI/ML,2,24840494,1,5,82,1041163,351165,Small,Hybrid,3,13.14,273272,0
Startup_0775,EdTech,6,45256402,3,2,294,24069641,496011,Large,Hybrid,5,41.88,270676,0
Startup_0186,AI/ML,10,3891709,3,13,52,86423575,318271,Medium,B2B,9,66.43,117149,1
Startup_0042,SaaS,2,21566522,3,7,641,116603781,476883,Medium,B2C,8,75.28,1498575,1
Startup_0697,FinTech,3,24882952,5,6,309,6869896,621091,Small,B2C,6,47.37,207959,0
Startup_0109,AI/ML,3,25398161,4,17,467,98831486,394162,Medium,Hybrid,7,90.42,1473470,1
Startup_0589,AI/ML,10,3041079,3,7,37,23751933,486482,Small,Hybrid,1,34.01,1498077,0
Startup_0057,FoodTech,6,25942729,3,12,782,120933049,441167,Small,Hybrid,9,65.09,271769,1
Startup_0406,AI/ML,12,39985871,3,10,776,124172652,385063,Small,B2B,7,66.77,472089,1
Startup_0443,AI/ML,3,41755051,4,5,926,137809964,415972,Medium,Hybrid,10,75.13,346449,1
Startup_0758,Healthcare,3,10990061,2,7,207,3485767,932026,Small,B2B,4,52.15,1085416,0
Startup_0998,Technology,13,14513715,4,1,247,5213742,694438,Small,B2C,6,54.72,254275,0
Startup_0025,Technology,8,20411725,2,10,197,27849494,308657,Small,Hybrid,10,57.44,757676,1
Startup_0468,EdTech,14,37313466,3,12,194,51828278,146247,Small,B2C,9,93.34,819525,1
Startup_0540,FinTech,11,7836092,1,7,536,15431034,967182,Large,B2C,1,48.89,565315,0
Startup_0532,E-commerce,3,46405726,5,3,557,29043639,244818,Medium,B2B,3,39.43,1148499,0
Startup_0619,SaaS,2,41814131,4,3,612,2217623,943530,Medium,B2B,2,26.31,1472703,0
Startup_0695,EdTech,8,35044946,4,6,584,9046245,121393,Medium,Hybrid,6,28.48,96633,0
Startup_0927,FinTech,3,21072192,5,7,748,3305809,654654,Medium,Hybrid,3,40.02,641389,0
Startup_0339,SaaS,14,27173582,1,19,318,85645462,474173,Small,B2C,8,58.65,1241114,1
Startup_0052,SaaS,4,10754587,4,10,713,28620650,222510,Small,B2B,9,68.24,1077114,1
Startup_0508,FoodTech,3,37956249,5,6,770,25135242,210639,Large,Hybrid,6,33.83,1464513,0
Startup_0517,FoodTech,9,22433299,5,8,156,23513230,331522,Large,Hybrid,2,7.53,873934,0
Startup_0921,E-commerce,3,14942695,3,2,879,20304612,678888,Large,Hybrid,2,34.59,631740,0
Startup_0782,Healthcare,14,8709286,4,8,5,11798717,170846,Large,B2C,1,25.88,1251792,0
Startup_0265,FoodTech,13,7328464,1,9,594,69095909,175909,Large,Hybrid,7,73.3,650194,1
Startup_0818,FinTech,13,32009206,2,4,153,20344378,459557,Large,Hybrid,3,23.44,66948,0
Startup_0711,Healthcare,6,32366920,5,3,436,9419198,922370,Small,Hybrid,2,23.15,821205,0
Startup_0683,AI/ML,2,24908164,2,3,69,11462592,309991,Small,B2C,5,47.2,897855,0
Startup_0833,EdTech,15,37446917,3,1,263,4607377,888133,Small,Hybrid,1,19.75,1138045,0
Startup_0519,E-commerce,1,18119967,5,1,411,13472348,626199,Medium,Hybrid,4,43.69,323416,0
Startup_0448,SaaS,10,36477390,3,17,270,95788756,196702,Small,B2C,10,66.02,1527333,1
Startup_0019,FoodTech,12,5023159,1,5,237,135378310,178239,Small,Hybrid,6,75.57,684009,1
Startup_0716,E-commerce,9,28744143,1,8,363,24855974,442641,Large,B2C,4,39.76,159259,0
Startup_0484,FoodTech,5,35619158,1,8,3,66155452,155346,Medium,B2C,9,76.4,1542358,1
Startup_0569,FinTech,5,18863460,2,1,164,611930,753205,Medium,Hybrid,5,30.7,483224,0
Startup_0434,AI/ML,10,12166863,5,16,586,107734815,203452,Large,B2C,8,78.51,1983717,1
Startup_0368,FoodTech,6,30836778,1,12,7,48102825,404084,Small,B2B,7,78.05,432262,1
Startup_0084,Finance,2,35033969,4,4,888,108269682,460798,Large,B2C,10,73.48,213674,1
Startup_0062,FoodTech,6,44893945,5,15,441,29255216,270269,Small,B2C,8,55.51,980927,1
Startup_0639,FinTech,7,2695411,3,4,546,14390908,889460,Large,B2B,3,39.9,1334508,0
Startup_0273,FoodTech,13,15166100,4,17,562,33746101,390870,Medium,B2C,7,66.91,167592,1
Startup_0286,E-commerce,2,21528661,1,15,108,138244341,161895,Large,Hybrid,7,70.31,1805756,1
Startup_0361,Technology,6,2208274,2,19,741,59675382,141014,Large,Hybrid,9,71.18,1645039,1
Startup_0355,Finance,12,2342171,1,16,294,26664050,90410,Large,B2B,10,86.19,549458,1
Startup_0457,E-commerce,6,41192359,3,10,234,81036720,492437,Medium,Hybrid,9,78.0,647582,1
Startup_0279,AI/ML,12,25267947,3,18,714,147540943,260875,Large,B2C,8,78.28,1922231,1
Startup_0013,E-commerce,6,29676602,1,9,303,80897765,6701,Large,B2B,8,93.88,1697950,1
Startup_0183,Finance,13,38191775,3,7,530,62831009,131740,Small,B2B,9,59.9,1042871,1
Startup_0369,Finance,10,29317198,4,16,651,77582820,255295,Large,B2C,9,55.19,1219423,1
Startup_0882,FinTech,15,13171713,1,6,533,5664116,970055,Large,Hybrid,4,17.64,683800,0
Startup_0616,FinTech,6,8431402,1,3,418,27181906,785611,Small,Hybrid,6,31.16,1472032,0
Startup_0224,SaaS,15,46050149,2,17,644,94605013,264848,Large,B2C,6,93.89,1449131,1
Startup_0573,FoodTech,10,47382212,2,7,98,3363604,577714,Small,B2B,3,39.22,1026007,0
Startup_0971,FinTech,8,30318226,5,2,916,10414128,447871,Large,B2C,4,12.73,167179,0
Startup_0654,Agritech,2,3189784,4,2,924,22850184,677723,Small,B2C,1,20.4,892278,0
Startup_0546,E-commerce,9,11967896,4,5,47,19074748,791567,Large,B2B,2,13.11,353263,0
Startup_0583,EdTech,7,20242398,2,0,875,12489064,675547,Small,B2C,1,5.04,1224468,0
Startup_0634,Finance,8,1473337,4,6,288,24802063,358635,Large,B2B,2,21.36,1265230,0
Startup_0177,Healthcare,3,11369418,3,14,171,145458388,376894,Small,B2C,7,68.84,1188207,1
Startup_0666,E-commerce,11,19951920,3,4,52,17870840,769983,Small,Hybrid,1,30.69,1367074,0
Startup_0674,Finance,2,4945785,3,4,47,22500483,110771,Large,B2B,1,44.12,1312049,0
Startup_0586,AI/ML,3,44012665,1,0,76,4931700,856379,Small,Hybrid,4,37.9,334742,0
Startup_0874,E-commerce,2,25848191,3,2,410,15894523,562816,Medium,B2B,4,30.26,958969,0
Startup_0394,Finance,6,11516280,1,19,49,38850770,435880,Small,B2B,9,59.28,1381049,1
Startup_0164,EdTech,5,25197348,1,17,821,139384859,214726,Small,B2C,9,90.79,910852,1
Startup_0249,AI/ML,2,6745436,3,14,570,135926291,206975,Large,Hybrid,6,66.67,913274,1
Startup_0635,Technology,15,840750,5,6,922,1583917,142004,Medium,Hybrid,4,41.67,1107418,0
Startup_0886,Healthcare,2,14765557,4,2,583,6842456,161847,Medium,B2C,6,14.14,452411,0
Startup_0670,EdTech,12,31403051,1,1,430,4011294,958620,Medium,Hybrid,2,51.17,1055622,0
Startup_0376,E-commerce,11,28744205,1,7,311,108916958,277791,Medium,B2B,8,79.91,1569529,1
Startup_0413,EdTech,14,34640667,3,18,529,85337822,27990,Large,B2B,8,90.93,503727,1
Startup_0075,AI/ML,5,4541987,5,7,638,147183403,404893,Small,B2B,7,80.02,655003,1
Startup_0114,E-commerce,14,36753245,2,12,136,127174711,96486,Small,B2C,6,81.44,154064,1
Startup_0599,FinTech,3,29674527,5,0,894,9790258,936039,Large,B2B,4,24.1,712047,0
Startup_0962,Finance,4,43423859,3,2,43,29748779,391248,Small,Hybrid,2,18.52,158045,0
Startup_0391,FoodTech,1,41047395,1,13,813,139468662,271515,Medium,B2C,10,63.27,1508183,1
Startup_0105,SaaS,14,8228908,3,18,826,149237350,44478,Large,B2C,7,85.17,573148,1
Startup_0115,FinTech,13,22227935,2,4,605,43386929,144129,Small,Hybrid,6,60.07,982818,1
Startup_0418,AI/ML,10,39799488,1,5,777,114070793,449727,Medium,Hybrid,6,69.31,1154525,1
Startup_0526,Technology,8,26581534,1,4,71,22345972,993473,Medium,Hybrid,6,23.01,276264,0
Startup_0458,FinTech,2,34267111,5,13,77,65629449,66346,Large,B2C,10,93.27,1937342,1
Startup_0410,EdTech,3,36539872,4,16,559,32340723,188187,Medium,B2C,7,90.34,1491113,1
Startup_0093,Healthcare,15,48982384,4,8,18,75026398,461619,Medium,Hybrid,7,57.99,1738977,1
Startup_0931,Healthcare,6,19748141,4,4,517,14453414,645883,Large,B2B,6,49.07,529753,0
Startup_0090,FoodTech,8,36643530,2,19,460,66321751,179294,Medium,B2B,10,85.51,891066,1
Startup_0337,Technology,5,6936808,3,5,246,72734442,304772,Medium,B2B,10,88.59,422101,1
Startup_0989,Agritech,7,14717968,2,6,763,20871661,158716,Small,Hybrid,2,24.61,1222925,0
Startup_0922,Healthcare,7,17610570,1,4,566,12910488,781332,Large,B2C,2,25.0,224596,0
Startup_0934,SaaS,11,8867910,5,6,717,566415,746223,Large,Hybrid,2,50.54,65288,0
Startup_0606,Technology,13,11369356,3,1,266,9404223,914854,Medium,B2C,1,24.14,747627,0
Startup_0594,Healthcare,8,34429980,1,1,132,28669761,921834,Medium,B2C,3,17.6,1341421,0
Startup_0612,Healthcare,7,43924428,1,1,650,12359291,660596,Large,B2B,3,9.02,1013933,0
Startup_0095,AI/ML,10,42856498,1,13,243,50532691,396520,Medium,B2B,6,72.36,306450,1
Startup_0012,FinTech,7,36008262,5,12,482,94252722,456296,Medium,Hybrid,6,82.21,340232,1
Startup_0397,Agritech,8,12391854,5,9,802,118045333,432422,Large,B2C,7,59.14,1478923,1
Startup_0534,Healthcare,12,21886752,1,6,786,13899319,418083,Small,B2B,4,42.28,1385565,0
Startup_0044,EdTech,5,527242,4,13,564,58508907,115196,Medium,B2C,9,86.43,1372261,1
Startup_0043,E-commerce,12,9042139,3,10,570,76431351,353614,Large,Hybrid,9,82.09,1993320,1
Startup_0330,EdTech,10,41529094,3,11,946,105851936,301511,Large,B2B,6,92.47,394950,1
Startup_0168,Finance,13,2589811,2,8,978,133906466,323543,Large,B2C,9,56.39,240998,1
Startup_0498,FoodTech,4,25851644,1,15,708,117227209,75638,Large,B2C,8,90.95,1117752,1
Startup_0877,SaaS,1,34101395,1,5,885,16590450,524206,Medium,B2C,4,52.01,832541,0
Startup_0598,SaaS,3,32459384,4,4,411,16080843,882395,Medium,B2C,5,16.68,1483424,0
Startup_0757,AI/ML,7,45671465,4,5,856,26808410,595268,Large,B2C,2,36.09,642355,0
Startup_0101,Healthcare,7,38478853,3,5,11,142220938,322931,Small,Hybrid,9,88.31,1993591,1
Startup_0427,Healthcare,8,12295735,5,6,114,132983543,152123,Large,Hybrid,7,90.65,511947,1
Startup_0179,Technology,3,41110184,5,14,740,133082462,489405,Small,B2B,10,56.65,1911480,1
Startup_0445,Healthcare,13,26084348,4,15,811,99060695,426853,Medium,B2B,10,58.91,380773,1
Startup_0417,Technology,7,27642047,4,17,648,62467059,13855,Large,Hybrid,9,81.93,1221628,1
Startup_0871,E-commerce,6,42763989,2,0,455,2268182,615524,Small,B2B,1,52.68,159276,0
Startup_0883,EdTech,15,21168111,4,6,603,25348443,862998,Small,B2C,1,10.46,1250853,0
Startup_0681,E-commerce,7,29220021,3,3,878,28848556,172990,Small,Hybrid,4,51.95,820580,0
Startup_0178,Agritech,4,8900036,5,13,284,102467167,284696,Large,B2B,6,75.1,453655,1
Startup_0396,FinTech,8,34336126,5,8,982,149366395,266529,Medium,Hybrid,6,76.21,201862,1
Startup_0912,FoodTech,3,46925566,4,1,797,26196315,586197,Medium,B2B,6,24.11,1376099,0
Startup_0794,FinTech,11,37725786,1,2,255,10321110,695848,Small,B2B,4,27.3,1383367,0
Startup_0961,Finance,12,20861511,5,3,268,10044315,842658,Small,Hybrid,3,32.61,408841,0
Startup_0685,FoodTech,7,19216033,4,2,526,25869788,576719,Small,Hybrid,1,11.11,1076223,0
Startup_0384,Technology,7,38681147,5,18,497,44328380,325509,Large,Hybrid,9,86.17,1382111,1
Startup_0957,Technology,11,29767904,1,1,935,16300771,539357,Small,Hybrid,5,51.57,1106690,0
Startup_0752,AI/ML,14,16782600,4,3,602,9992900,697091,Large,Hybrid,4,7.55,66513,0
Startup_0258,SaaS,10,17158498,1,15,114,42325574,344214,Medium,B2C,10,56.77,1452728,1
Startup_0539,Agritech,7,49847280,1,6,625,24265932,428096,Large,Hybrid,4,35.58,1249433,0
Startup_0336,FinTech,3,22719381,1,10,106,45499255,219580,Medium,Hybrid,10,83.88,1630866,1
Startup_0016,Healthcare,12,5144773,4,8,838,37232410,350899,Large,Hybrid,9,92.87,446296,1
Startup_0325,EdTech,4,32577298,1,4,542,64524582,486241,Large,B2B,10,63.06,373656,1
Startup_0759,Technology,9,24577771,1,4,21,12080404,809810,Small,B2C,2,13.74,1105871,0
Startup_0223,Technology,10,20751068,3,8,245,108612211,278285,Large,Hybrid,7,71.54,677039,1
Startup_0180,FoodTech,11,44196593,5,10,274,122939494,304964,Large,Hybrid,9,79.72,163514,1
Startup_0984,E-commerce,12,39530990,1,1,681,16099644,978116,Medium,B2B,5,48.52,113304,0
Startup_0023,FoodTech,2,36778242,1,4,670,32517517,490683,Small,B2C,7,61.65,1118463,1
Startup_0357,Healthcare,4,20999053,3,12,625,76882385,474490,Small,B2C,9,89.06,1062588,1
Startup_0667,EdTech,13,22149779,2,5,559,27843542,986041,Small,Hybrid,6,44.99,619290,0
Startup_0862,EdTech,10,36853049,2,6,959,14457280,226672,Small,B2B,2,15.69,797794,0
Startup_0341,Finance,3,45338195,1,15,90,128472104,288875,Large,B2B,9,93.83,1336745,1
Startup_0432,EdTech,4,4718541,4,12,240,69584751,127693,Medium,B2C,6,81.74,1186084,1
Startup_0552,AI/ML,3,39353770,4,5,770,1302592,197649,Medium,Hybrid,3,21.14,844693,0
Startup_0834,FoodTech,1,42183048,4,5,527,14397622,573066,Medium,B2C,4,26.63,820728,0
Startup_0204,SaaS,14,12248398,1,17,938,138412915,444146,Medium,B2B,7,92.36,176210,1
Startup_0631,EdTech,4,12449455,5,6,468,12632079,243030,Medium,B2B,4,40.99,1375444,0
Startup_0094,FoodTech,12,5889869,4,14,668,134399317,358557,Large,B2B,10,70.2,764086,1
Startup_0559,FoodTech,6,38679678,4,0,744,28018722,284160,Medium,B2B,2,21.53,758704,0
Startup_0069,FinTech,12,21077120,4,12,280,50942292,68258,Large,B2B,7,67.62,1657934,1
Startup_0623,FinTech,10,47040233,3,7,429,23331690,233056,Medium,B2C,2,12.15,618222,0
Startup_0285,AI/ML,9,1041069,4,14,12,129670517,68225,Small,B2C,9,82.76,1101810,1
Startup_0845,FinTech,8,13854579,1,1,194,13048457,397604,Small,B2C,2,16.65,1433218,0
Startup_0435,Agritech,7,27735609,2,15,531,129687661,459934,Small,Hybrid,8,74.47,1111058,1
Startup_0154,Technology,2,2391634,3,14,232,144933338,56948,Medium,B2C,8,86.66,388567,1
Startup_0076,Finance,3,11004726,5,4,79,74830300,241193,Medium,Hybrid,10,73.8,168450,1
Startup_0731,E-commerce,11,13178203,4,2,57,1930970,341026,Large,B2C,2,6.79,595729,0
Startup_0447,E-commerce,2,25667829,5,10,10,112310488,426678,Medium,Hybrid,8,71.35,323521,1
Startup_0189,FinTech,2,23255629,4,15,385,121329710,80637,Small,B2B,7,79.1,941769,1
Startup_0272,EdTech,3,33739915,4,20,582,35194922,305267,Large,B2B,6,65.72,1238976,1
Startup_0237,Agritech,14,12530394,4,7,828,143218430,55496,Large,B2C,10,60.96,502510,1
Startup_0488,Technology,10,47507920,4,19,281,45204672,173109,Small,B2B,6,61.09,1221914,1
Startup_0118,FinTech,2,41322149,1,8,332,28815720,71160,Large,B2C,8,79.97,1327598,1
Startup_0944,E-commerce,8,46250560,5,2,510,11001422,887574,Small,B2B,4,30.09,865474,0
Startup_0513,Healthcare,9,38860220,5,2,951,3263751,139569,Medium,Hybrid,4,22.78,340263,0
Startup_0826,E-commerce,13,14608791,1,4,349,15407655,351815,Large,Hybrid,3,45.47,1436026,0
Startup_0592,Agritech,8,31989652,5,5,930,14226956,470057,Large,B2C,3,19.46,124084,0
Startup_0127,FoodTech,10,10021046,4,4,74,32315507,396177,Medium,B2B,10,63.61,980452,1
Startup_0117,FoodTech,9,43673862,3,4,472,28163847,256124,Large,B2C,9,72.05,326412,1
Startup_0474,Healthcare,7,46106234,1,10,362,97424000,306934,Medium,B2C,10,61.98,1736426,1
Startup_0694,FinTech,5,46670312,5,1,89,29256786,419723,Medium,B2B,1,21.88,91339,0
Startup_0058,Finance,9,23985441,1,11,977,107260863,40975,Small,Hybrid,6,85.17,618590,1
Startup_0864,E-commerce,2,20735620,2,7,423,3516297,847143,Medium,B2B,5,44.56,1243709,0
Startup_0913,Agritech,2,8690741,1,7,87,21622125,801279,Large,B2C,5,16.25,1280714,0
Startup_0370,Finance,1,36137074,3,10,778,22404661,359810,Large,B2C,6,80.07,621819,1
Startup_0269,Agritech,12,11698155,2,19,571,58766747,78555,Small,B2C,7,67.58,1045817,1
Startup_0047,E-commerce,8,42762839,4,10,910,116414756,370090,Large,Hybrid,9,74.78,611672,1
Startup_0350,Agritech,2,20664901,2,18,140,123888668,437969,Large,B2B,8,65.78,974035,1
Startup_0196,FoodTech,1,14414466,2,14,534,108882576,255804,Large,B2C,10,70.07,463189,1
Startup_1000,E-commerce,2,48191251,1,7,186,8755167,596250,Small,Hybrid,3,43.16,977036,0
Startup_0835,Healthcare,7,30141213,1,3,186,9012891,776703,Large,Hybrid,1,22.95,222844,0
Startup_0737,AI/ML,10,49593168,4,2,335,7192294,151047,Large,Hybrid,6,19.15,166465,0
Startup_0264,Finance,3,2459060,4,10,408,80340936,315485,Small,B2C,9,70.55,1577937,1
Startup_0444,FinTech,3,580544,5,17,555,90067590,225559,Medium,B2B,8,89.99,1563063,1
Startup_0676,Finance,13,34383884,5,1,250,3425434,959398,Large,B2B,5,43.16,1159055,0
Startup_0305,E-commerce,6,33608874,5,10,998,118309564,477091,Small,B2C,10,85.42,614068,1
Startup_0342,FoodTech,14,35569902,4,17,841,149604356,285763,Medium,B2B,9,77.91,594177,1
Startup_0967,Healthcare,2,31329148,4,2,188,27466927,284665,Small,B2C,2,33.48,428340,0
Startup_0150,Healthcare,4,31975104,3,10,991,69370777,360628,Medium,Hybrid,10,94.38,1068213,1
Startup_0125,FinTech,2,15677279,3,17,590,133434805,299107,Small,Hybrid,10,79.54,1447837,1
Startup_0787,Technology,10,32432792,5,8,196,726262,226126,Medium,B2B,6,51.81,426949,0
Startup_0051,AI/ML,4,5699819,3,13,453,51473195,147456,Small,B2B,8,67.79,1232781,1
Startup_0354,EdTech,4,40365590,3,18,503,43834879,461382,Small,B2C,9,78.48,833499,1
Startup_0928,FinTech,2,21840376,1,6,177,6162362,461940,Large,B2C,6,38.89,1165018,0
Startup_0143,FinTech,7,40623441,3,5,698,125928245,335766,Large,B2C,8,57.64,298193,1
Startup_0471,FinTech,3,1153794,4,9,828,76575546,266933,Large,Hybrid,7,94.82,1881299,1
Startup_0400,EdTech,5,45622236,3,8,946,115347796,345832,Large,B2B,7,75.16,1556077,1
Startup_0626,FoodTech,13,4061401,2,3,286,3880883,935309,Small,B2B,2,39.26,1044915,0
Startup_0321,Agritech,6,2466521,5,12,227,27863981,428967,Small,B2B,9,76.18,1708184,1
Startup_0020,SaaS,3,32220415,5,11,593,125309836,252974,Medium,B2C,9,62.62,303278,1
Startup_0810,EdTech,7,42530087,1,5,609,28302754,362573,Small,B2C,2,10.39,549875,0
Startup_0791,SaaS,12,26668411,1,1,308,10838809,249380,Small,B2B,4,49.65,590927,0
Startup_0809,AI/ML,12,5495608,4,3,983,6706089,272471,Small,B2C,3,20.54,1362806,0
Startup_0408,Agritech,6,10888834,4,5,729,40629718,491868,Large,B2C,8,78.88,1722484,1
Startup_0538,FoodTech,12,14227930,2,1,778,6041758,560623,Small,B2C,5,29.5,731355,0
Startup_0621,Agritech,2,28360535,3,2,147,23463809,487896,Small,B2B,5,13.25,560959,0
Startup_0039,E-commerce,9,36484828,4,14,698,146062275,19470,Large,B2C,6,90.08,647807,1
Startup_0176,Technology,11,9112389,5,9,355,123049906,72650,Small,Hybrid,9,75.11,1920771,1
Startup_0246,AI/ML,11,26006248,5,6,679,123638554,329332,Small,B2C,8,86.92,1595496,1
Startup_0829,AI/ML,4,19295401,1,2,647,28671687,632959,Medium,Hybrid,5,49.29,488802,0
Startup_0668,SaaS,10,10144719,3,0,846,4695260,643341,Medium,B2B,3,23.65,1066906,0
Startup_0755,Finance,7,33704714,4,5,122,15143303,831396,Medium,B2C,4,6.04,654002,0
Startup_0859,Finance,12,46828383,1,4,402,14997721,154961,Small,B2C,5,5.23,841455,0
Startup_0155,Healthcare,12,47847731,2,19,780,80210270,327619,Small,B2B,6,91.23,139854,1
Startup_0288,AI/ML,3,46574675,4,18,633,135422216,118898,Large,Hybrid,6,90.86,393628,1
Startup_0603,Agritech,6,19511741,2,4,745,6578674,135695,Large,B2B,1,35.97,169290,0
Startup_0570,EdTech,6,47768376,3,4,147,19363027,356717,Large,B2C,2,8.56,1336105,0
Startup_0744,Healthcare,2,7723072,1,8,528,14357731,533082,Medium,B2C,1,28.23,1242185,0
Startup_0018,Finance,8,15579183,1,6,256,65377076,16028,Small,B2B,10,77.16,1334048,1
Startup_0128,Technology,6,22268967,3,6,741,138560181,32582,Large,B2B,7,61.3,1395700,1
Startup_0323,EdTech,15,16374677,2,14,183,128207704,391979,Large,Hybrid,8,91.56,159153,1
Startup_0256,SaaS,2,34007671,4,8,692,105004924,163771,Medium,B2B,7,65.11,423261,1
Startup_0658,SaaS,14,14975056,5,7,92,24981539,535798,Small,Hybrid,4,19.43,938840,0
Startup_0965,Finance,9,48993012,5,6,111,22038717,369845,Medium,B2B,6,36.72,1205274,0
Startup_0191,FoodTech,6,41872647,2,13,405,99688374,181356,Large,Hybrid,10,88.13,1216397,1
Startup_0116,Technology,2,24796024,4,20,462,99680504,62175,Large,Hybrid,9,75.15,1389972,1
Startup_0617,Agritech,10,5334084,2,0,950,24777933,248468,Small,B2B,4,37.69,1038219,0
Startup_0607,E-commerce,3,33498890,4,3,74,20578333,511707,Large,B2C,2,37.27,277395,0
Startup_0181,FoodTech,5,16933478,3,16,497,59920898,242787,Medium,B2C,6,82.54,431518,1
Startup_0302,FinTech,4,48837704,4,14,940,56407626,438060,Large,B2B,6,77.86,350401,1
Startup_0760,EdTech,7,15712925,1,1,635,18956968,334981,Small,Hybrid,4,17.89,763711,0
Startup_0713,Healthcare,12,46486237,3,1,927,18048624,347864,Medium,B2B,4,24.42,874129,0
Startup_0724,Technology,5,30764533,2,3,635,12502984,711218,Medium,B2B,6,37.36,229807,0
Startup_0686,Agritech,3,4046865,1,1,104,16814633,811047,Large,B2C,1,53.6,852439,0
Startup_0980,SaaS,9,36320741,4,7,554,17966877,662259,Large,Hybrid,2,24.23,1268369,0
Startup_0518,FoodTech,9,29486712,1,4,230,26486141,513477,Large,Hybrid,2,11.61,223109,0
Startup_0985,FinTech,2,1337364,2,6,81,5123676,902598,Large,B2C,2,28.49,343836,0
Startup_0046,FoodTech,14,21331897,2,11,691,128255039,109401,Large,B2B,7,55.98,613472,1
Startup_0910,FinTech,14,4280343,2,1,951,12031414,596894,Large,B2C,2,52.25,296094,0
Startup_0158,AI/ML,12,29305734,2,4,301,102518345,189977,Large,B2C,7,77.83,492825,1
Startup_0852,SaaS,15,45238589,5,1,301,23522469,861830,Large,B2B,6,50.11,1084918,0
Startup_0172,AI/ML,3,12086772,1,18,465,31783073,429942,Large,Hybrid,8,81.71,1588014,1
Startup_0017,EdTech,7,36691547,2,10,954,115690391,168429,Medium,Hybrid,9,94.81,1462893,1
Startup_0512,Healthcare,1,20756250,5,0,141,10177535,332665,Large,Hybrid,2,47.79,95511,0
Startup_0049,FinTech,3,36143657,4,14,686,147512157,400968,Medium,Hybrid,9,79.51,1608426,1
Startup_0972,E-commerce,11,1923238,5,0,129,3549909,671098,Small,B2B,3,10.13,920915,0
Startup_0941,Healthcare,5,27032081,2,5,484,10142336,482201,Small,B2C,4,49.61,1174969,0
Startup_0516,FinTech,7,15714765,1,0,893,21369721,915182,Small,B2C,6,24.12,689177,0
Startup_0953,Agritech,5,45392309,1,0,102,23016385,678570,Large,Hybrid,2,21.56,807879,0
Startup_0481,FinTech,14,2859210,2,15,32,135476747,484866,Medium,Hybrid,8,89.57,1079775,1
Startup_0284,E-commerce,13,44488869,2,6,442,114448752,54903,Large,B2B,6,63.54,263449,1
Startup_0719,Agritech,10,19411098,3,3,821,2931958,534631,Small,B2B,3,14.09,841297,0
Startup_0878,Healthcare,11,27933270,5,0,75,4276772,503519,Large,B2C,5,13.12,964983,0
Startup_0226,Finance,3,4367076,4,17,939,149894063,223370,Medium,B2B,10,76.2,914573,1
Startup_0027,Agritech,14,8545454,2,11,416,97701200,316699,Large,Hybrid,6,79.78,979178,1
Startup_0955,FoodTech,10,47788935,2,7,200,3409722,178516,Small,Hybrid,5,35.95,682241,0
Startup_0438,FinTech,3,16852437,4,5,25,37164449,305672,Small,Hybrid,10,61.45,1420241,1
Startup_0952,FoodTech,1,19647297,3,7,220,9500587,735984,Medium,B2C,1,26.55,579033,0
Startup_0365,AI/ML,10,8404180,3,19,477,27204398,459239,Medium,B2B,10,78.21,1401607,1
Startup_0230,FoodTech,9,18053103,3,15,318,88829070,467847,Medium,B2B,9,73.64,1783628,1
Startup_0038,Healthcare,5,2088093,2,10,231,73481198,177103,Medium,Hybrid,8,89.57,1721783,1
Startup_0966,EdTech,6,39534796,3,6,211,5322461,567723,Small,B2C,2,41.49,959961,0
Startup_0375,Finance,1,30317427,1,16,429,36588648,291933,Large,Hybrid,8,73.98,421130,1
Startup_0470,Finance,11,7202144,2,12,836,127922808,128629,Small,Hybrid,10,72.29,898770,1
Startup_0968,SaaS,3,26954135,2,3,840,2430493,250494,Small,Hybrid,1,26.32,1004254,0
Startup_0851,Finance,8,44730112,4,2,935,23538510,696236,Small,B2C,1,24.68,141571,0
Startup_0705,Healthcare,8,28821224,5,0,449,6877676,267099,Large,Hybrid,3,11.82,591897,0
Startup_0842,EdTech,13,22382825,5,0,309,19144738,923507,Large,Hybrid,1,51.11,372313,0
Startup_0195,FoodTech,8,10662379,3,17,431,112677376,111897,Large,Hybrid,9,75.07,1382362,1
Startup_0855,AI/ML,5,9659056,1,5,729,22591387,885043,Large,Hybrid,4,29.24,193103,0
Startup_0865,EdTech,10,47228933,3,6,649,22846566,908878,Large,B2C,6,11.65,417695,0
Startup_0504,Finance,11,33377279,4,8,676,21036975,835381,Large,Hybrid,5,17.8,818300,0
Startup_0970,AI/ML,13,10072113,1,0,277,26688546,109852,Small,B2B,1,32.12,759655,0
Startup_0831,Agritech,12,47107755,3,7,541,24113224,618827,Large,B2B,4,18.42,890844,0
Startup_0580,E-commerce,11,25928287,5,5,792,16685792,776320,Large,Hybrid,6,8.07,506364,0
Startup_0969,Technology,9,1291114,2,1,747,12779385,502643,Small,B2B,1,10.5,78420,0
Startup_0163,Technology,14,17499599,5,5,487,121104995,344162,Large,B2C,7,66.44,1908035,1
Startup_0909,SaaS,4,13630189,2,0,826,12254280,861221,Medium,Hybrid,5,10.1,359551,0
Startup_0153,EdTech,2,30774686,2,15,839,144885828,18982,Small,B2C,9,57.13,1152785,1
Startup_0802,Healthcare,8,1827525,1,4,229,22935614,843647,Large,B2B,3,14.58,1336482,0
Startup_0994,AI/ML,6,24379836,4,2,746,23677250,807459,Large,B2B,1,21.57,1106080,0
Startup_0756,Healthcare,8,15243974,2,5,522,20303127,994911,Large,Hybrid,6,37.85,325059,0
Startup_0112,Agritech,4,1933274,5,5,997,125601782,179854,Small,B2B,7,94.55,1750412,1
Startup_0227,Agritech,6,30684682,1,15,947,32410307,285827,Large,B2B,7,57.06,890978,1
Startup_0689,Healthcare,8,25755519,3,7,876,15523504,137728,Large,B2B,1,13.84,1432885,0
Startup_0104,FoodTech,13,25052283,5,20,900,87349752,483930,Medium,Hybrid,8,88.22,638905,1
Startup_0422,Agritech,15,11301464,5,9,148,49633659,328425,Small,Hybrid,8,62.77,480335,1
Startup_0420,FinTech,7,43050084,5,8,305,60004466,360094,Large,B2B,8,93.3,123383,1
Startup_0751,FoodTech,5,32308869,4,6,154,832051,222115,Medium,B2B,2,50.12,983790,0
Startup_0587,FoodTech,13,31103564,4,6,883,21012748,288531,Medium,B2C,4,30.47,1207732,0
Startup_0781,Healthcare,5,2377557,3,2,500,4869420,921866,Small,B2B,5,26.09,689975,0
Startup_0673,Agritech,13,29440528,4,0,778,6688446,213054,Small,B2C,1,44.65,1126843,0
Startup_0120,FoodTech,15,14929953,5,17,741,80606674,470615,Medium,B2C,7,71.55,1835223,1
Startup_0054,SaaS,14,49800457,4,11,554,85529051,120040,Medium,Hybrid,8,72.43,160869,1
Startup_0152,FinTech,15,35122092,1,7,731,58260510,48974,Small,B2C,7,65.91,1998564,1
Startup_0404,SaaS,14,15553013,5,16,888,51889524,272870,Medium,B2C,8,82.72,198523,1
Startup_0946,Agritech,12,32725207,1,4,447,9569844,609533,Small,Hybrid,1,43.04,569563,0
Startup_0208,E-commerce,14,29202679,4,20,849,64013571,50475,Medium,B2C,9,81.77,487514,1
Startup_0659,SaaS,10,14444134,1,4,150,16025373,650818,Small,B2B,3,8.31,1288743,0
Startup_0844,Technology,6,30802022,5,4,988,3228665,279750,Large,Hybrid,1,38.74,422529,0
Startup_0763,EdTech,12,30129765,3,8,728,16823226,868136,Small,B2B,1,12.71,812811,0
Startup_0009,FoodTech,15,48678411,5,14,900,48538251,348638,Small,B2C,9,70.83,1448158,1
Startup_0808,Technology,15,30622585,4,5,548,273116,510893,Large,B2B,2,21.74,1249192,0
Startup_0037,Finance,13,11183586,2,7,276,71343880,462266,Medium,B2C,6,89.34,566477,1
Startup_0453,Technology,9,40595705,3,5,731,146931833,410593,Small,Hybrid,7,80.61,1020591,1
Startup_0652,EdTech,9,20737333,2,1,549,936351,524214,Small,B2B,4,43.43,1010581,0
Startup_0254,EdTech,12,39146604,4,11,993,63739710,202161,Small,Hybrid,8,87.66,924044,1
Startup_0304,Agritech,2,1034802,5,15,470,46933626,157879,Small,B2C,10,86.38,1651003,1
Startup_0747,Technology,3,41037302,1,4,767,29346572,806120,Medium,B2B,1,26.69,87570,0
Startup_0572,FinTech,15,46813497,5,7,647,20780111,472899,Small,B2C,3,21.62,465544,0
Startup_0624,Healthcare,4,46917427,2,0,628,20107567,288744,Medium,B2C,6,29.99,234593,0
Startup_0733,Healthcare,14,23961547,2,1,129,6936168,397917,Large,Hybrid,2,46.75,1116900,0
Startup_0892,FinTech,14,47426854,5,3,289,12462455,573870,Medium,Hybrid,5,39.31,1046565,0
Startup_0263,SaaS,15,12207358,2,9,531,64424679,298522,Large,B2B,9,93.34,586236,1
Startup_0611,EdTech,1,46755543,4,7,980,4166919,694798,Large,B2C,5,51.75,802706,0
Startup_0298,EdTech,5,9018168,2,12,383,118372982,469736,Medium,B2C,6,85.86,161564,1
Startup_0415,Technology,14,36588074,1,17,213,106779969,433214,Medium,Hybrid,6,84.88,422446,1
Startup_0151,FoodTech,9,11375539,4,10,992,127543192,322017,Medium,Hybrid,7,89.92,209428,1
Startup_0789,FinTech,3,35926887,4,5,27,12918161,369670,Small,B2C,1,10.73,258317,0
Startup_0641,E-commerce,10,25090902,1,2,377,21849065,685934,Medium,B2B,6,8.35,479313,0
Startup_0890,Agritech,6,23523537,3,5,701,27508843,351235,Small,B2C,3,38.25,843637,0
Startup_0551,Agritech,6,7807326,1,6,53,6081023,269172,Large,Hybrid,6,19.22,1436059,0
Startup_0887,AI/ML,11,43210338,5,2,114,2777972,407364,Medium,B2B,1,23.89,630412,0
Startup_0489,FoodTech,5,48495987,3,18,131,117590659,9301,Small,B2C,7,58.61,130880,1
Startup_0148,Agritech,6,40580530,5,16,137,40703455,90064,Small,Hybrid,7,88.25,1717109,1
Startup_0147,FinTech,4,10898194,2,6,143,59700543,447723,Small,Hybrid,6,75.31,1231981,1
Startup_0721,SaaS,7,10516078,5,1,269,12445351,278386,Medium,Hybrid,5,10.87,1152761,0
Startup_0932,E-commerce,5,21487418,4,1,792,21396215,183335,Large,B2B,1,41.5,246363,0
Startup_0740,Healthcare,11,25159610,1,8,855,6806566,613406,Large,Hybrid,4,49.27,1049166,0
Startup_0660,Finance,7,12236871,3,8,427,15606172,844747,Small,B2C,5,42.76,337156,0
Startup_0349,FoodTech,1,18524390,4,15,945,22715612,182139,Large,Hybrid,8,67.44,1867577,1
Startup_0464,FoodTech,13,5767211,1,19,125,102386462,8472,Medium,Hybrid,10,93.32,1878407,1
Startup_0326,FinTech,15,1970549,3,8,63,98733350,374463,Medium,B2B,7,85.97,1875199,1
Startup_0187,Finance,15,25046921,3,16,747,69115280,28720,Medium,Hybrid,9,57.05,1278215,1
Startup_0124,EdTech,5,39283455,3,20,109,48553319,86123,Large,B2C,9,63.97,326950,1
Startup_0854,SaaS,1,5412066,4,7,30,12889458,460351,Small,B2B,6,24.97,457693,0
Startup_0609,SaaS,13,33900174,4,2,22,22006525,771440,Medium,B2B,1,51.64,1443779,0
Startup_0144,Healthcare,5,44561269,3,8,744,64743095,47730,Large,Hybrid,10,81.54,833627,1
Startup_0959,SaaS,14,5532193,5,2,997,14788282,887195,Large,B2C,5,24.21,868407,0
Startup_0198,Healthcare,5,14410177,3,19,724,62552488,256555,Medium,B2B,8,77.42,1768085,1
Startup_0610,AI/ML,12,26761736,3,0,929,17393383,841978,Large,B2B,4,28.91,897066,0
Startup_0280,Healthcare,11,4750050,3,16,873,49236638,230256,Medium,Hybrid,7,74.79,777097,1
Startup_0294,Agritech,12,28379169,5,17,788,114195429,215909,Small,B2C,6,80.62,1227545,1
Startup_0401,SaaS,13,32737079,3,17,578,110495428,397098,Small,Hybrid,10,66.44,1876919,1
Startup_0123,Technology,9,8702802,3,17,689,67459130,463021,Medium,Hybrid,9,89.72,1612173,1
Startup_0184,EdTech,1,26279858,3,17,971,53322272,458670,Small,B2B,7,87.54,1311497,1
Startup_0203,FinTech,4,19653899,3,5,331,141861235,408033,Large,Hybrid,6,81.09,587001,1
Startup_0439,Technology,3,17831511,1,9,173,89342339,217575,Large,Hybrid,10,93.77,1437191,1
Startup_0247,Technology,3,43040368,4,8,731,119274852,209274,Medium,B2C,8,69.43,291932,1
Startup_0416,Finance,6,5415592,1,5,92,43889703,421397,Medium,B2C,8,77.32,1305783,1
Startup_0933,FoodTech,2,33574639,3,0,570,14326529,809920,Medium,Hybrid,5,51.62,336111,0
Startup_0766,E-commerce,15,31286396,4,8,922,26762598,815337,Small,Hybrid,3,52.19,978154,0
Startup_0907,SaaS,7,49271675,1,4,543,9574566,830203,Small,B2B,2,40.06,1199260,0
Startup_0836,Finance,9,19050564,1,3,807,3402061,224348,Medium,B2B,1,23.01,1195099,0
Startup_0888,Agritech,10,33060841,2,1,492,418987,164022,Small,B2B,3,42.59,65155,0
Startup_0130,Agritech,7,46014432,1,19,293,90723898,354769,Small,B2B,8,56.82,928927,1
Startup_0638,Technology,1,9802893,4,6,477,6305749,928226,Large,B2B,3,36.34,1378340,0
Startup_0403,FoodTech,5,4662952,2,13,862,47380537,400100,Small,Hybrid,10,56.29,1807136,1
Startup_0785,E-commerce,4,36805523,4,0,350,22596362,564620,Large,B2B,6,18.87,235660,0
Startup_0771,FinTech,9,49160548,3,2,402,17564065,667059,Medium,Hybrid,3,15.69,1123053,0
Startup_0736,EdTech,2,47993389,4,7,853,15335574,758879,Small,Hybrid,3,34.71,62174,0
Startup_0914,Agritech,5,40287436,1,2,816,12983555,607711,Small,B2B,6,40.14,675713,0
Startup_0220,Technology,6,13148708,2,7,285,24324134,429399,Small,B2B,9,79.6,1953371,1
Startup_0642,FinTech,9,32611152,1,3,667,25372308,881206,Large,B2C,2,21.02,610690,0
Startup_0916,AI/ML,2,39739998,5,8,860,24049446,958602,Small,Hybrid,6,11.2,485083,0
Startup_0753,Agritech,7,33766079,4,8,871,9856774,138815,Large,Hybrid,4,24.98,1126584,0
Startup_0807,Finance,14,8668336,4,8,283,15756052,619647,Small,B2C,3,30.86,141152,0
Startup_0920,Finance,6,24130180,5,8,935,17232569,320032,Small,B2B,6,9.95,143817,0
Startup_0625,FinTech,1,13378383,5,1,244,17890526,200331,Small,B2C,5,23.1,1181880,0
Startup_0875,Healthcare,13,6085662,4,4,440,20071039,663292,Medium,B2C,2,32.64,418468,0
Startup_0761,FoodTech,5,46814214,2,8,876,20376590,802006,Small,B2B,1,40.32,968189,0
Startup_0387,Technology,11,23702855,2,16,496,39952062,444894,Small,Hybrid,10,90.68,1385373,1
Startup_0973,SaaS,1,26362619,2,2,440,11955113,787199,Large,Hybrid,3,16.29,1485327,0
Startup_0510,Agritech,15,22287168,3,5,566,13935944,901305,Small,Hybrid,6,26.53,728325,0
Startup_0268,FoodTech,12,26569328,2,17,526,100050918,77282,Large,Hybrid,10,70.35,489553,1
Startup_0820,Agritech,11,5090499,2,5,807,6453718,800302,Large,B2C,4,39.74,1030213,0
Startup_0442,E-commerce,7,7786017,4,4,138,47158762,279051,Large,B2B,10,82.37,1833325,1
Startup_0497,EdTech,1,10829291,3,7,663,36888275,260770,Medium,Hybrid,7,67.67,1270945,1
Startup_0113,Agritech,14,39851502,5,10,215,129126123,460970,Small,B2C,7,68.14,409443,1
Startup_0692,Agritech,6,4622093,3,0,331,19912664,147310,Small,Hybrid,2,46.85,781647,0
Startup_0233,FinTech,12,11789968,4,15,474,42718459,78378,Large,B2B,10,74.53,1965132,1
Startup_0870,Agritech,6,14312174,3,8,251,1914421,797309,Medium,Hybrid,2,45.07,516498,0
Startup_0608,Agritech,4,7630297,5,7,661,24104851,371577,Large,B2C,1,6.74,197665,0
Startup_0672,AI/ML,14,15705152,2,4,707,4305852,320034,Small,B2B,2,54.06,940880,0
Startup_0374,AI/ML,6,43471220,1,12,387,123515377,285354,Large,B2B,10,56.94,200580,1
Startup_0982,FinTech,3,23944316,1,5,64,28579374,990586,Medium,B2B,2,19.73,352283,0
Startup_0843,Finance,13,41291268,5,6,938,12894927,314124,Medium,B2B,4,8.19,860410,0
Startup_0234,Finance,9,5488229,1,5,862,122587823,8346,Small,Hybrid,9,60.5,1422677,1
Startup_0786,FinTech,10,43795933,3,1,577,21706174,686523,Large,B2B,1,14.62,1347516,0
Startup_0677,EdTech,5,36545948,2,0,926,24438685,203479,Large,Hybrid,2,51.02,1045550,0
Startup_0318,FoodTech,15,41711994,2,11,38,106876236,159720,Small,B2B,9,71.48,1254877,1
Startup_0649,Agritech,8,19837170,3,0,997,5077408,470274,Small,Hybrid,3,27.8,398888,0
Startup_0411,FoodTech,5,41992108,2,20,976,83734252,299301,Small,Hybrid,6,59.59,825629,1
Startup_0899,Finance,11,48646766,3,6,389,22041902,773292,Small,B2C,5,53.31,966376,0
Startup_0710,EdTech,2,18924559,2,7,222,13802809,366659,Large,B2B,5,7.8,1168767,0
Startup_0359,EdTech,10,20530380,5,7,292,84657836,38469,Medium,B2C,8,94.53,1443424,1
Startup_0259,Agritech,2,17863638,1,11,103,88541804,396566,Small,B2C,10,77.32,1542136,1
Startup_0745,SaaS,10,34285593,1,0,790,3923040,876487,Small,B2B,6,28.14,432118,0
Startup_0628,AI/ML,12,36561662,1,2,950,5403130,923648,Small,Hybrid,1,29.25,293406,0
Startup_0633,FoodTech,4,11021872,3,2,621,19498536,679606,Small,Hybrid,2,9.32,1144228,0
Startup_0283,Healthcare,2,6031148,3,15,259,109188862,478851,Large,Hybrid,7,57.07,1411987,1
Startup_0377,Healthcare,9,19472130,5,7,123,125328713,60712,Large,B2B,9,62.95,518904,1
Startup_0385,EdTech,15,33257365,2,7,497,139130840,220631,Small,Hybrid,9,56.84,648641,1
Startup_0225,Finance,12,10513824,4,13,421,70527631,101405,Medium,Hybrid,10,73.94,1881197,1
Startup_0954,Agritech,6,19018486,2,3,668,19706767,502704,Small,B2B,1,49.36,323647,0
Startup_0815,AI/ML,11,35209569,1,5,467,19823743,301831,Large,B2B,1,10.13,1298172,0
Startup_0473,Healthcare,2,22958420,4,12,765,68447502,193904,Medium,B2B,10,77.3,1798726,1
Startup_0348,EdTech,1,27543124,2,8,285,102979370,324110,Large,B2B,9,56.55,1965572,1
Startup_0506,Healthcare,12,25267777,4,0,844,27736871,746901,Small,B2B,3,31.45,197614,0
Startup_0640,SaaS,13,23028088,1,0,638,17371690,807424,Medium,B2C,3,49.4,282713,0
Startup_0988,Healthcare,14,38890641,3,8,944,10368795,843810,Small,Hybrid,2,26.18,378834,0
Startup_0929,E-commerce,8,17885291,5,0,133,23140430,638512,Medium,Hybrid,6,12.77,315013,0
Startup_0906,FoodTech,12,44741539,4,2,309,823628,674559,Medium,B2C,4,21.87,1471656,0
Startup_0620,E-commerce,11,9716020,5,5,561,28165835,931627,Medium,B2B,2,43.21,1293789,0
Startup_0856,AI/ML,4,32094029,4,4,146,28338152,269205,Small,B2C,2,46.92,1322947,0
Startup_0804,Agritech,7,19112479,1,8,893,16676269,278758,Large,B2B,5,14.69,1236373,0
Startup_0646,Technology,9,28453301,1,8,303,4530103,596925,Medium,B2B,3,26.01,1402001,0
Startup_0847,FoodTech,8,14356617,1,2,401,29307424,315667,Small,Hybrid,3,26.61,1444171,0
Startup_0557,Technology,13,28285830,5,0,427,11300209,466634,Large,B2B,5,45.3,495304,0
Startup_0958,FoodTech,5,3549777,2,0,299,26755317,827505,Large,Hybrid,2,42.04,883604,0
Startup_0578,Agritech,7,23464709,4,8,583,23391243,347625,Medium,B2B,2,38.13,213356,0
Startup_0796,Finance,3,32858972,1,4,64,20161112,363076,Large,Hybrid,6,24.01,786976,0
Startup_0086,SaaS,2,42780079,1,11,999,115265438,88035,Small,B2B,8,77.03,1258155,1
Startup_0243,E-commerce,3,38530319,5,16,249,110870094,475037,Large,Hybrid,10,68.27,1684627,1
Startup_0699,Healthcare,6,38512359,3,8,71,16047360,547852,Large,B2C,2,22.37,210771,0
Startup_0160,EdTech,12,5033845,1,15,368,52363373,389272,Small,B2B,6,85.86,1641798,1
Startup_0525,Agritech,3,39624799,1,8,388,1559014,367865,Medium,B2B,2,8.01,470890,0
Startup_0036,SaaS,3,11405308,2,9,888,138301680,221161,Large,Hybrid,6,62.17,796643,1
Startup_0541,SaaS,12,26497829,1,8,574,25774504,761282,Medium,B2C,1,14.49,971811,0
Startup_0171,FoodTech,7,18067535,5,12,123,114494355,238975,Small,B2B,7,94.85,698898,1
Startup_0655,Finance,6,4193244,1,3,337,19676710,652005,Small,B2B,2,44.06,632855,0
Startup_0891,Technology,14,7222789,3,0,828,15431666,832229,Large,B2B,4,41.26,341216,0
Startup_0858,FinTech,4,45801444,1,8,917,7353344,563531,Large,Hybrid,6,7.39,1381251,0
Startup_0848,E-commerce,10,14121276,3,8,604,24150878,818102,Medium,B2B,4,18.77,65609,0
Startup_0945,EdTech,13,10938246,1,5,132,16877247,114311,Medium,Hybrid,6,16.83,1472519,0
Startup_0734,Finance,10,776872,2,8,600,25831136,698514,Medium,Hybrid,2,25.82,211135,0
Startup_0096,SaaS,12,2442617,3,5,928,63536830,422408,Small,B2B,6,66.73,886098,1
Startup_0564,FinTech,9,8031713,3,5,182,26438349,139211,Small,B2C,2,50.67,980661,0
Startup_0241,FinTech,4,46958641,2,19,925,56385762,29411,Large,Hybrid,6,82.38,687984,1
Startup_0743,Agritech,2,10472815,4,2,310,23061765,415001,Small,Hybrid,2,31.15,669669,0
Startup_0575,Agritech,2,24084794,4,7,118,15576702,986850,Large,B2B,2,19.11,781099,0
Startup_0691,SaaS,10,38232321,4,2,490,17101529,158444,Large,Hybrid,4,18.17,1289511,0
Startup_0461,EdTech,9,47531136,5,12,12,53320572,155622,Small,Hybrid,6,70.96,1670322,1
Startup_0554,SaaS,10,38843795,1,8,114,3041708,607157,Large,B2C,6,39.43,652275,0
Startup_0889,EdTech,4,987341,5,6,813,20332814,645337,Large,B2C,3,51.61,1042438,0
Startup_0207,Finance,11,12995608,3,4,738,118867180,181743,Small,Hybrid,8,77.71,1688137,1
Startup_0393,Healthcare,2,44718718,1,11,780,20294869,183969,Large,Hybrid,8,88.2,1777538,1
Startup_0795,Agritech,6,16952508,5,8,175,14318772,682119,Medium,Hybrid,4,7.09,1024445,0
Startup_0398,E-commerce,9,41368874,4,11,431,56721417,213598,Small,B2C,8,93.82,1049686,1
Startup_0767,SaaS,13,5169514,5,1,969,11451586,430096,Small,B2C,4,54.1,394613,0
Startup_0849,Technology,14,17065160,4,8,622,11135766,696879,Large,B2B,4,28.01,1258237,0
Startup_0218,SaaS,8,5885485,4,8,387,107715861,456037,Large,B2B,8,59.75,1226712,1
Startup_0005,Healthcare,14,24768915,5,10,909,114566031,41466,Small,B2B,6,81.45,1721241,1
Startup_0769,E-commerce,7,20922772,5,5,897,11648004,108286,Large,B2C,3,50.01,1330103,0
Startup_0643,FoodTech,5,25519109,1,5,67,15280382,609845,Large,Hybrid,5,31.33,307340,0
Startup_0930,FoodTech,12,49182063,3,5,57,23839841,915297,Small,B2C,2,38.91,927120,0
Startup_0613,EdTech,3,26280787,5,3,43,10128424,829685,Medium,B2B,4,49.82,1372499,0
Startup_0739,Agritech,5,20535127,2,7,126,26980469,553360,Small,B2C,6,45.32,700329,0
Startup_0547,Finance,7,49500325,3,7,319,9789866,756883,Small,Hybrid,2,10.88,325924,0
Startup_0726,Agritech,2,3997218,5,5,63,7979971,593808,Large,Hybrid,3,54.84,1456751,0
Startup_0684,FoodTech,12,48381758,4,4,288,25477315,927843,Large,Hybrid,6,52.16,796790,0
Startup_0099,Healthcare,9,30143983,2,15,78,98862539,161842,Small,B2C,9,82.61,1058054,1
Startup_0805,Finance,2,4865386,5,2,134,8811551,697586,Large,B2B,2,49.05,625307,0
Startup_0728,AI/ML,1,17967877,5,2,186,17002935,616780,Medium,Hybrid,3,48.89,326655,0
Startup_0574,FoodTech,3,24890672,5,6,267,6252308,833599,Medium,B2B,6,21.52,731073,0
Startup_0407,Agritech,12,25813344,5,5,125,77513345,151335,Medium,B2B,10,65.57,437492,1
Startup_0503,AI/ML,11,9209003,1,2,47,29409554,132792,Small,Hybrid,2,10.35,451849,0
Startup_0048,Finance,1,29031078,1,11,800,43607110,426585,Small,B2C,10,73.58,1268964,1
Startup_0033,Technology,6,18079520,2,9,655,119486328,236649,Small,B2B,10,83.23,1276306,1
Startup_0780,EdTech,10,8611208,4,5,115,19285241,403657,Medium,B2C,1,31.14,296923,0
Startup_0840,EdTech,6,47338045,2,6,442,7132497,559990,Small,Hybrid,4,47.65,113132,0
Startup_0201,Technology,10,16771083,5,5,248,109903592,479577,Small,B2C,10,64.03,588293,1
Startup_0135,AI/ML,7,23284350,3,11,766,64703713,413482,Large,Hybrid,7,58.06,1427968,1
Startup_0028,Healthcare,6,45444549,3,14,212,52035886,144258,Medium,B2C,9,60.24,1453713,1
Startup_0881,SaaS,5,39311860,2,2,619,513974,222400,Large,Hybrid,1,37.22,856035,0
Startup_0231,Agritech,6,3567911,3,11,426,119489210,81505,Large,B2C,6,65.43,1324803,1
Startup_0490,E-commerce,7,33946772,3,15,807,82234675,370394,Small,B2C,6,68.21,1869044,1
Startup_0773,AI/ML,12,25530188,1,4,864,21138277,632151,Medium,B2C,3,11.19,1415167,0
Startup_0379,AI/ML,1,7910893,1,19,931,40017834,52229,Medium,Hybrid,10,58.0,1617449,1
Startup_0289,Finance,7,29315790,3,14,989,126176512,78311,Large,Hybrid,7,66.08,276682,1
Startup_0419,Finance,5,19392315,5,18,91,71192463,212153,Small,Hybrid,6,73.96,1218762,1
Startup_0675,EdTech,3,6592096,3,2,32,28482402,882445,Small,Hybrid,3,52.44,779466,0
Startup_0392,EdTech,14,15459781,1,18,839,64556611,298680,Large,B2C,10,79.0,1602940,1
Startup_0593,Agritech,12,4621676,5,7,269,19499195,277292,Small,B2C,5,7.58,661850,0
Startup_0499,Agritech,9,38530709,4,9,197,92963514,187276,Large,B2B,8,84.3,677397,1
Startup_0139,Healthcare,1,5478850,3,13,522,81974027,241933,Small,Hybrid,6,57.28,1844194,1
Startup_0063,Agritech,6,10767062,4,17,727,43640702,389720,Large,B2C,10,93.62,666403,1
Startup_0472,Healthcare,6,17342582,4,5,310,73472598,56891,Medium,Hybrid,7,57.4,1806700,1
Startup_0648,E-commerce,11,37307112,5,7,865,15468167,418853,Medium,B2B,5,11.6,692766,0
Startup_0129,FinTech,5,28955149,4,19,680,101480362,236758,Small,B2C,9,65.93,1683230,1
Startup_0977,FoodTech,13,646214,1,2,810,26198101,787712,Large,B2C,2,21.01,869146,0
Startup_0521,Agritech,6,8051751,5,6,94,14311664,483010,Large,B2B,3,14.52,772521,0
Startup_0839,FoodTech,4,14584474,2,7,743,7942448,640882,Medium,B2B,5,44.3,1033015,0
Startup_0963,E-commerce,2,23817773,1,5,667,10990489,187289,Medium,Hybrid,6,49.2,603728,0
Startup_0065,FoodTech,13,41458667,4,16,586,65150390,20047,Small,B2C,9,89.04,481345,1
Startup_0813,AI/ML,11,7333533,4,0,70,18865586,154738,Large,B2C,3,47.5,892390,0
Startup_0015,Agritech,10,1807062,3,7,503,144701505,195306,Small,B2B,8,64.58,605144,1
Startup_0157,FinTech,13,4714916,5,7,471,132298324,479557,Large,B2B,9,78.87,134467,1
Startup_0041,Finance,4,48065775,3,17,48,20226999,277587,Medium,B2C,10,82.47,1655982,1
Startup_0493,FinTech,4,46230819,4,13,401,145656683,174378,Large,B2B,7,80.17,188470,1
Startup_0380,Healthcare,4,18225130,4,18,306,26721650,57328,Medium,Hybrid,7,89.97,1887295,1
Startup_0188,Agritech,5,34340015,1,18,398,122596583,293283,Small,B2B,8,88.01,1407032,1
Startup_0764,E-commerce,14,28400499,2,0,452,8331441,975365,Small,B2C,4,22.07,1109109,0
Startup_0217,SaaS,15,32180162,1,5,959,58532662,219364,Medium,B2C,7,85.76,1706057,1
Startup_0792,Healthcare,4,40564301,2,3,773,16641645,633328,Small,B2C,5,24.25,291343,0
Startup_0053,EdTech,14,39696905,4,4,401,134988626,466717,Medium,B2C,10,70.22,112364,1
Startup_0879,Finance,9,46703741,4,5,653,23469165,160507,Small,B2C,6,24.27,939277,0
Startup_0338,Healthcare,7,44927425,1,19,304,46799898,55849,Small,B2C,6,63.28,1438382,1
Startup_0749,Finance,14,46849561,5,6,372,27099262,417358,Small,B2B,1,11.25,79099,0
Startup_0720,Technology,1,41570836,5,3,665,3085558,584887,Medium,Hybrid,2,18.09,403906,0
Startup_0725,Agritech,14,47008023,3,6,1000,23146943,322526,Medium,B2B,6,24.17,937705,0
Startup_0296,Technology,7,16906758,2,6,62,144101436,232794,Medium,Hybrid,6,73.13,1376814,1
Startup_0702,E-commerce,15,42561049,5,0,747,17624459,310394,Large,Hybrid,3,28.12,554100,0
Startup_0252,EdTech,4,9592548,4,13,112,20908300,212456,Medium,B2C,8,88.66,896686,1
Startup_0727,EdTech,13,17522625,1,8,8,20892268,499442,Small,Hybrid,3,53.88,1457738,0
Startup_0462,Finance,15,21563645,2,15,490,49335449,473879,Medium,Hybrid,10,65.76,1664803,1
Startup_0456,FinTech,4,49954235,5,6,18,143369905,52272,Large,B2C,10,66.38,1840142,1
Startup_0997,SaaS,11,23411992,5,7,955,26452035,237570,Small,Hybrid,3,19.54,1357512,0
Startup_0816,FoodTech,15,43272756,5,8,132,8699534,472654,Small,B2B,4,29.07,1352018,0
Startup_0863,Agritech,7,26617874,3,3,15,15493965,330787,Medium,B2B,1,37.9,633967,0
Startup_0270,FoodTech,1,13594851,4,16,142,149362950,299430,Medium,Hybrid,10,81.12,958016,1
Startup_0202,FoodTech,6,46214020,4,8,105,20695441,293543,Medium,Hybrid,7,71.28,1946851,1
Startup_0162,Healthcare,12,20192597,4,10,40,25879578,419769,Large,B2C,7,90.43,761852,1
Startup_0556,AI/ML,15,48052473,5,4,241,6594642,101657,Large,B2B,1,6.2,1361686,0
Startup_0730,E-commerce,15,18200495,3,8,630,10602883,556943,Large,Hybrid,2,20.78,1080277,0
Startup_0402,E-commerce,2,10252710,1,5,393,109959993,34677,Medium,Hybrid,7,65.68,1747380,1
Startup_0703,Healthcare,13,29718446,3,6,867,10792226,970542,Medium,Hybrid,1,36.7,914945,0
Startup_0477,Agritech,11,18449768,3,16,730,56406303,470406,Large,B2C,9,86.24,861611,1
Startup_0822,SaaS,11,15953427,2,7,712,21035281,323491,Small,B2C,2,29.04,745237,0
Startup_0772,SaaS,6,2371748,2,8,26,19981121,371256,Large,B2B,2,46.61,687412,0
Startup_0106,EdTech,2,18247514,4,7,17,81040347,198245,Small,Hybrid,8,78.38,1824734,1
Startup_0566,Technology,11,49125112,2,0,213,15513846,506415,Medium,B2B,6,48.24,292925,0
Startup_0390,Technology,14,21710530,4,7,460,86756320,395719,Large,Hybrid,6,59.11,964736,1
Startup_0002,FinTech,7,6787781,1,10,33,51227216,269951,Medium,B2B,10,56.06,516992,1
Startup_0938,Technology,10,20956110,4,8,225,27806813,137150,Medium,B2B,4,49.62,1073968,0
Startup_0983,SaaS,4,9747689,2,1,60,23446527,838158,Medium,B2B,2,23.87,105253,0
Startup_0562,Agritech,14,25681982,1,8,350,28366447,274031,Small,B2C,5,35.28,442962,0
Startup_0081,Agritech,13,3199901,3,9,593,83149551,277086,Medium,Hybrid,9,91.64,480610,1
Startup_0206,E-commerce,9,9506005,5,20,508,82816684,148045,Large,B2C,7,87.35,793494,1
Startup_0035,SaaS,15,46272720,3,11,218,109514287,58893,Large,Hybrid,8,86.2,1954164,1
Startup_0776,SaaS,4,7075852,3,2,468,23978690,546370,Small,B2C,4,9.1,180429,0
Startup_0509,Agritech,7,12606206,1,8,173,13574022,629208,Medium,B2C,3,37.88,1169670,0
Startup_0428,Agritech,2,1750257,1,20,916,104775473,21354,Small,B2B,10,78.16,1713129,1
Startup_0455,SaaS,1,44457589,3,4,247,41131878,50530,Medium,Hybrid,8,86.19,840562,1
Startup_0367,EdTech,6,31207099,4,8,586,62464268,457142,Large,B2B,7,86.16,1122531,1
Startup_0092,FoodTech,7,2984344,2,8,510,87416376,314424,Small,Hybrid,8,89.79,1933310,1
Startup_0340,Healthcare,15,13021369,4,18,381,25988382,143042,Large,B2B,9,73.6,574464,1
Startup_0898,Agritech,11,36372593,2,7,947,3134721,934184,Large,B2B,6,21.64,519355,0
Startup_0565,E-commerce,15,13264889,5,5,160,16322626,868020,Small,Hybrid,5,20.52,736477,0
Startup_0346,AI/ML,10,28658465,5,7,803,75625517,83455,Small,Hybrid,7,77.66,1321962,1
Startup_0777,Healthcare,4,25282915,4,8,82,13614171,716813,Large,B2C,5,30.95,877918,0
Startup_0242,SaaS,1,21604710,2,4,954,149046210,113610,Small,B2C,10,60.77,1821113,1
Startup_0014,FinTech,14,43379174,3,20,864,101734598,109286,Large,B2B,7,69.96,438792,1
Startup_0316,Technology,15,9143054,4,6,831,141477508,449216,Small,Hybrid,8,59.9,1066776,1
Startup_0601,EdTech,10,45818019,4,3,475,24739470,804527,Large,Hybrid,5,43.52,1140419,0
Startup_0388,Finance,15,31993447,2,19,520,136690991,91719,Medium,B2C,6,85.06,772417,1
Startup_0274,Agritech,14,8377642,1,11,452,48169370,430041,Large,B2C,10,82.57,1905749,1
Startup_0167,SaaS,1,29688363,3,12,632,105828117,419962,Medium,Hybrid,6,58.0,1436960,1
Startup_0841,SaaS,14,1149691,2,7,315,27292558,790852,Large,B2C,3,21.99,929015,0
Startup_0993,SaaS,13,3724507,4,5,49,3227639,423595,Large,B2B,1,54.03,642240,0
Startup_0647,EdTech,2,16091272,1,8,895,21731603,452192,Medium,Hybrid,4,33.94,1425229,0
Startup_0819,EdTech,11,16430795,2,8,61,27587246,975744,Small,B2B,5,47.94,935126,0
Startup_0485,FinTech,1,20157703,4,11,820,126940308,8784,Medium,B2C,10,69.95,963472,1
Startup_0981,EdTech,13,6355263,2,3,722,12236954,103005,Large,B2C,2,54.7,85975,0
Startup_0505,Technology,2,14508176,1,7,955,29955637,972496,Medium,Hybrid,1,28.4,1389905,0
Startup_0832,SaaS,4,14123132,2,7,919,29063120,345770,Large,B2B,4,15.93,941337,0
Startup_0244,Agritech,2,23710238,5,5,766,33111164,234160,Large,Hybrid,7,88.55,814274,1
Startup_0567,Healthcare,11,6343564,5,5,895,15765755,148381,Small,Hybrid,1,31.03,1431990,0
Startup_0876,Finance,5,25675681,4,8,293,20434836,604201,Small,B2B,1,21.66,1034106,0
Startup_0563,FoodTech,12,2622533,3,4,729,13987158,191014,Medium,B2B,4,48.85,829267,0
Startup_0687,FoodTech,3,42324433,3,1,639,25607121,180234,Small,B2C,6,42.58,1082192,0
Startup_0190,E-commerce,1,22849983,2,19,733,89703656,244593,Medium,Hybrid,7,79.25,1181093,1
Startup_0783,FinTech,15,25820552,3,7,803,28099830,855009,Large,B2C,5,11.64,340502,0
Startup_0700,FinTech,7,13926939,5,6,323,13598980,363470,Small,B2B,5,30.77,1458363,0
Startup_0476,Finance,13,42864041,3,16,434,133937532,480567,Medium,B2C,6,58.16,820634,1
Startup_0682,SaaS,8,29897598,1,8,408,22197212,809381,Large,Hybrid,1,10.96,877979,0
Startup_0511,Technology,9,37425894,2,4,387,12179882,574379,Medium,Hybrid,4,52.99,50410,0
Startup_0059,EdTech,3,32280144,2,7,132,95694715,119276,Small,Hybrid,9,82.98,1708301,1
Startup_0475,E-commerce,11,49927434,5,18,502,139404446,46108,Small,Hybrid,9,79.55,1072558,1
Startup_0561,AI/ML,10,36462665,3,0,571,7088128,705445,Small,B2C,6,21.59,791543,0
Startup_0857,FoodTech,2,26729466,5,2,762,2703330,804005,Medium,B2B,1,38.87,371905,0
Startup_0748,FoodTech,1,32518972,2,7,674,23313165,524769,Medium,Hybrid,6,53.29,1312249,0
Startup_0253,SaaS,7,20661870,5,14,142,100961645,369533,Medium,B2C,7,74.16,472532,1
Startup_0022,AI/ML,4,30605945,2,8,552,76623995,101200,Medium,Hybrid,8,73.51,1933929,1
Startup_0314,Finance,9,31507197,2,7,99,127897195,421184,Small,B2B,7,59.86,229329,1
Startup_0460,EdTech,8,5033489,1,16,267,105048646,418482,Medium,B2C,7,82.08,582198,1
Startup_0161,E-commerce,6,43637283,5,9,349,131452207,413495,Small,B2B,9,94.23,1103552,1
Startup_0277,EdTech,15,44516454,1,8,286,114143874,459074,Small,Hybrid,7,64.99,1591903,1
Startup_0956,EdTech,12,9078656,2,3,47,14132884,677236,Medium,B2C,6,17.63,1225130,0
Startup_0192,Healthcare,5,1616487,4,15,838,64458225,358268,Large,Hybrid,6,94.2,1324112,1
Startup_0386,Agritech,14,39198259,5,11,788,148280127,356191,Small,B2C,8,75.76,1543347,1
Startup_0806,Technology,12,17473245,5,8,632,29731983,575976,Medium,B2C,1,51.89,1394203,0
Startup_0414,Finance,2,36602879,2,4,997,104145533,39326,Large,B2C,7,81.81,1722319,1
Startup_0492,AI/ML,4,30226605,4,11,792,119001547,22569,Large,Hybrid,7,73.43,1716895,1
Startup_0344,E-commerce,4,3363931,2,17,132,30518444,363154,Large,B2C,9,63.08,1825041,1
Startup_0770,Healthcare,8,37035762,2,7,911,23503242,462021,Small,B2B,6,25.23,463759,0
Startup_0309,EdTech,3,18014805,2,14,301,144291246,424858,Medium,B2C,9,83.03,1642146,1
Startup_0662,E-commerce,3,43486932,3,7,310,4266686,785572,Medium,Hybrid,6,49.63,924841,0
Startup_0131,FoodTech,4,14675672,3,8,971,122563939,138965,Large,B2C,8,68.12,116210,1
Startup_0664,Technology,14,46530831,3,7,646,23394999,958029,Medium,B2B,1,23.66,1256415,0
Startup_0872,Healthcare,2,37332505,2,3,609,8029252,632073,Small,Hybrid,1,26.31,1029525,0
Startup_0100,Healthcare,14,16418605,4,16,112,96762164,193197,Small,Hybrid,10,66.83,1566494,1
Startup_0373,FinTech,3,15828891,4,11,22,117598947,73789,Small,B2B,7,84.36,1336675,1
Startup_0088,E-commerce,4,10206758,4,16,567,45583290,488324,Small,B2C,10,75.33,1944080,1
Startup_0459,FoodTech,12,25805429,4,19,992,123343247,132545,Large,B2B,8,93.45,1062274,1
Startup_0331,Finance,4,11766733,3,6,330,130281580,376702,Small,Hybrid,8,72.87,656190,1
Startup_0215,Healthcare,13,9354634,1,20,467,75757342,244493,Large,B2B,10,57.31,1069677,1
Startup_0467,EdTech,12,21682997,5,4,474,21586450,358424,Medium,Hybrid,7,70.18,311283,1
Startup_0122,Technology,14,29482742,1,7,98,119937039,392341,Large,Hybrid,8,87.47,1266794,1
Startup_0615,Technology,2,21151469,5,7,661,18016054,974774,Medium,B2B,4,53.33,84431,0
Startup_0021,EdTech,7,49427452,4,5,887,110377459,347598,Small,B2B,6,57.42,1627174,1
Startup_0701,FinTech,11,13018416,5,7,886,7245510,792905,Large,B2C,6,51.91,611902,0
Startup_0072,Healthcare,2,19581689,1,19,590,84251933,235932,Medium,B2B,8,62.37,207744,1
Startup_0107,FoodTech,4,42077086,4,14,28,142843568,324858,Large,B2C,7,80.91,1432538,1
Startup_0271,Finance,14,11724191,4,6,503,95886408,21179,Large,B2C,7,66.68,676408,1
Startup_0861,FinTech,13,11710351,2,0,744,14047906,637395,Large,B2B,1,45.78,726708,0
Startup_0436,E-commerce,15,11613618,2,11,453,30346606,274767,Medium,Hybrid,8,63.46,491969,1
Startup_0103,E-commerce,1,49647832,5,8,376,32097496,481906,Small,B2B,8,68.07,971373,1
